src_ip,src_port,dst_ip,dst_port,proto,pktTotalCount,octetTotalCount,min_ps,max_ps,avg_ps,std_dev_ps,flowStart,flowEnd,flowDuration,min_piat,max_piat,avg_piat,std_dev_piat
192.168.1.5,55063,66.22.223.115,50024,17,1,88,88,88,88,0.0,1669046122.669804,1669046122.669804,0,0,0,0,0
54.175.191.203,443,192.168.1.5,51399,6,7,304,40,52,43.42857142857143,5.421047417431508,1669046123.021737,1669046204.941857,81.92012000083923,2.800931215286255,20.480242013931274,13.653353333473206,6.736198854573786
192.168.1.5,51399,54.175.191.203,443,6,13,524,40,41,40.30769230769231,0.4615384615384615,1669046123.021925,1669046204.941918,81.91999292373657,5.0067901611328125e-06,20.480283975601196,6.826666076978047,8.308115971176369
2800:5f0:814:1787:f03b:d7a3:ca44:cb0f,64554,2800:5f0:1000:10::2,53,17,1,58,58,58,58,0.0,1669046123.035906,1669046123.035906,0,0,0,0,0
2800:5f0:814:1787:f03b:d7a3:ca44:cb0f,52731,2800:5f0:1000:10::2,53,17,1,58,58,58,58,0.0,1669046123.036241,1669046123.036241,0,0,0,0,0
66.22.223.115,50024,192.168.1.5,55063,17,6,480,80,80,80.0,0.0,1669046123.037132,1669046128.039359,5.002227067947388,0.9981470108032227,1.0021178722381592,1.0004454135894776,0.0013626830221808261
2800:5f0:1000:10::2,53,2800:5f0:814:1787:f03b:d7a3:ca44:cb0f,64554,17,1,181,181,181,181,0.0,1669046123.039525,1669046123.039525,0,0,0,0,0
2800:5f0:1000:10::2,53,2800:5f0:814:1787:f03b:d7a3:ca44:cb0f,52731,17,1,225,225,225,225,0.0,1669046123.039525,1669046123.039525,0,0,0,0,0
192.168.1.5,52560,40.79.197.34,443,6,9,2444,40,1406,271.55555555555554,431.63155870387396,1669046123.041018,1669046123.859521,0.8185029029846191,0.00019598007202148438,0.2051219940185547,0.10231286287307739,0.10095366969696326
192.168.1.5,55926,162.159.130.235,443,6,24,1692,40,101,70.5,30.5,1669046123.201427,1669046205.845706,82.64427900314331,1.4066696166992188e-05,13.626352787017822,3.593229521875796,5.9548368751386676
162.159.130.235,443,192.168.1.5,55926,6,14,959,40,97,68.5,28.5,1669046123.205267,1669046205.79527,82.59000301361084,0.07701516151428223,13.688566207885742,6.353077154893142,6.775200056677675
40.79.197.34,443,192.168.1.5,52560,6,8,5970,40,1492,746.25,663.9414036645102,1669046123.243897,1669046124.058279,0.8143820762634277,0.0,0.2069690227508545,0.1163402966090611,0.10077058226485519
192.168.1.5,137,192.168.1.1,137,17,1,96,96,96,96,0.0,1669046123.269275,1669046123.269275,0,0,0,0,0
192.168.1.1,0,192.168.1.5,0,1,7,3580,124,576,511.42857142857144,158.1670519625709,1669046123.274571,1669046189.367629,66.09305810928345,0.0,56.78000807762146,11.015509684880575,20.74691954115291
54.175.191.203,443,192.168.1.5,52385,6,6,283,40,71,47.166666666666664,11.524129275375019,1669046123.438821,1669046183.06799,59.62916898727417,0.0,22.521519899368286,11.925833797454834,8.797445190588206
192.168.1.5,52385,54.175.191.203,443,6,11,442,40,41,40.18181818181818,0.385694607919935,1669046123.438986,1669046183.068333,59.62934684753418,9.059906005859375e-06,22.521497011184692,5.962934684753418,8.585290193679949
2800:5f0:814:1787:f03b:d7a3:ca44:cb0f,61449,2600:9000:2119:3400:14:9ec2:1cc0:93a1,443,6,3,63,21,21,21.0,0.0,1669046123.628472,1669046168.687286,45.05881381034851,1.5974044799804688e-05,45.05879783630371,22.529406905174255,22.529390931129456
2600:9000:2119:3400:14:9ec2:1cc0:93a1,443,2800:5f0:814:1787:f03b:d7a3:ca44:cb0f,61449,6,2,64,32,32,32.0,0.0,1669046123.677454,1669046168.746855,45.069401025772095,45.069401025772095,45.069401025772095,45.069401025772095,0.0
2800:5f0:814:1787:f03b:d7a3:ca44:cb0f,52563,2406:da00:ff00::22c5:2ef4,443,6,16,2029,20,543,126.8125,164.7665844270312,1669046123.717383,1669046126.003738,2.2863550186157227,1.1920928955078125e-05,1.654953956604004,0.15242366790771483,0.40451797092424147
2406:da00:ff00::22c5:2ef4,443,2800:5f0:814:1787:f03b:d7a3:ca44:cb0f,52563,6,15,4341,20,1440,289.4,461.180485276643,1669046123.793269,1669046126.001228,2.2079591751098633,0.0,1.835886001586914,0.1577113696507045,0.46675527991373056
2800:5f0:814:1787:f03b:d7a3:ca44:cb0f,52440,2800:3f0:4005:407::2011,443,6,3,63,21,21,21.0,0.0,1669046124.940647,1669046170.040254,45.09960722923279,1.1205673217773438e-05,45.09959602355957,22.549803614616394,22.549792408943176
192.168.1.5,52732,66.22.223.115,50024,17,23,2038,88,102,88.6086956521739,2.8550356798925227,1669046124.989919,1669046183.721338,58.7314190864563,1.4066696166992188e-05,6.1273698806762695,2.669609958475286,2.5226266431690965
2800:3f0:4005:407::2011,443,2800:5f0:814:1787:f03b:d7a3:ca44:cb0f,52440,6,2,64,32,32,32.0,0.0,1669046125.030967,1669046170.129635,45.09866809844971,45.09866809844971,45.09866809844971,45.09866809844971,0.0
66.22.223.115,50024,192.168.1.5,52732,17,59,4742,80,102,80.37288135593221,2.8397798021865417,1669046125.077381,1669046186.045838,60.96845722198486,0.9614670276641846,3.9603312015533447,1.0511802969307735,0.38543363138474224
2800:5f0:814:1787:f03b:d7a3:ca44:cb0f,52564,2406:da00:ff00::22ee:e721,443,6,9,1044,20,296,116.0,112.90802549961727,1669046125.195408,1669046125.846978,0.6515698432922363,0.003964900970458984,0.18601512908935547,0.08144623041152954,0.05445739287797238
2406:da00:ff00::22ee:e721,443,2800:5f0:814:1787:f03b:d7a3:ca44:cb0f,52564,6,10,6713,20,1440,671.3,582.6553097672758,1669046125.270247,1669046125.749608,0.47936105728149414,0.0,0.11826300621032715,0.05326233969794379,0.04963115463190719
54.175.191.203,443,192.168.1.5,61458,6,6,264,40,52,44.0,5.656854249492381,1669046125.66679,1669046202.108749,76.44195890426636,8.822543859481812,22.539369106292725,15.28839178085327,6.174997280681827
192.168.1.5,61458,54.175.191.203,443,6,11,444,40,41,40.36363636363637,0.4810456929208346,1669046125.666966,1669046202.034555,76.3675889968872,1.1920928955078125e-05,22.539390087127686,7.63675889968872,8.806453646943739
192.168.1.4,5353,224.0.0.251,5353,17,5,445,89,89,89.0,0.0,1669046125.76282,1669046205.778367,80.01554703712463,19.996976852416992,20.011784076690674,20.00388675928116,0.005306180125277587
54.175.191.203,443,192.168.1.5,61462,6,7,304,40,52,43.42857142857143,5.421047417431508,1669046125.94162,1669046207.856284,81.9146637916565,5.718271017074585,20.480318784713745,13.652443965276083,5.49243792270081
192.168.1.5,61462,54.175.191.203,443,6,12,484,40,41,40.333333333333336,0.4714045207910317,1669046125.941795,1669046207.856377,81.91458177566528,1.2874603271484375e-05,20.48033595085144,7.446780161424116,7.908114219731056
192.168.1.5,52475,52.217.140.209,443,6,3,123,41,41,41.0,0.0,1669046126.634149,1669046171.646969,45.01282000541687,2.3126602172851562e-05,45.0127968788147,22.506410002708435,22.506386876106262
192.168.1.5,51859,35.244.189.186,443,6,4,164,41,41,41.0,0.0,1669046126.840397,1669046171.864855,45.024458169937134,1.811981201171875e-05,45.024413108825684,15.008152723312378,21.224701264457895
35.244.189.186,443,192.168.1.5,51859,6,2,104,52,52,52.0,0.0,1669046126.857303,1669046171.880001,45.022698163986206,45.022698163986206,45.022698163986206,45.022698163986206,0.0
54.175.191.203,443,192.168.1.5,61457,6,6,264,40,52,44.0,5.656854249492381,1669046127.350666,1669046202.138013,74.78734683990479,6.676695108413696,23.03051996231079,14.957469367980957,7.2077603966087
192.168.1.5,61457,54.175.191.203,443,6,12,484,40,41,40.333333333333336,0.4714045207910317,1669046127.35083,1669046202.065194,74.71436381340027,5.9604644775390625e-06,23.030439138412476,6.792214892127297,8.89976425303999
192.168.1.5,50621,162.159.134.234,443,6,8,524,40,91,65.5,25.5,1669046128.291897,1669046169.693092,41.40119504928589,1.811981201171875e-05,41.103031873703,5.91445643561227,14.365822988484872
162.159.134.234,443,192.168.1.5,50621,6,4,224,40,72,56.0,16.0,1669046128.297275,1669046169.642617,41.34534192085266,0.08968400955200195,41.161149978637695,13.78178064028422,19.360137823924642
2800:5f0:814:1787:f03b:d7a3:ca44:cb0f,54907,2800:3f0:4005:40b::200e,443,17,28,2082,41,273,74.35714285714286,80.89464677932044,1669046128.968545,1669046194.807173,65.83862805366516,1.2874603271484375e-05,14.980005025863647,2.4384677056913024,4.738169645534391
2800:3f0:4005:40b::200e,443,2800:5f0:814:1787:f03b:d7a3:ca44:cb0f,54907,17,16,863,33,93,53.9375,26.604672404485644,1669046129.087321,1669046194.925519,65.83819794654846,0.0,15.122721195220947,4.389213196436564,5.66396432058725
2800:5f0:814:1787:f03b:d7a3:ca44:cb0f,54071,2800:5f0:1000:10::2,53,17,2,82,41,41,41.0,0.0,1669046129.801179,1669046129.801202,2.3126602172851562e-05,2.3126602172851562e-05,2.3126602172851562e-05,2.3126602172851562e-05,0.0
2800:5f0:814:1787:f03b:d7a3:ca44:cb0f,63475,2800:5f0:1000:10::2,53,17,2,82,41,41,41.0,0.0,1669046129.80135,1669046129.801363,1.2874603271484375e-05,1.2874603271484375e-05,1.2874603271484375e-05,1.2874603271484375e-05,0.0
2800:5f0:1000:10::2,53,2800:5f0:814:1787:f03b:d7a3:ca44:cb0f,54071,17,1,57,57,57,57,0.0,1669046129.807545,1669046129.807545,0,0,0,0,0
2800:5f0:1000:10::2,53,2800:5f0:814:1787:f03b:d7a3:ca44:cb0f,63475,17,1,69,69,69,69,0.0,1669046129.807545,1669046129.807545,0,0,0,0,0
2800:5f0:814:1787:f03b:d7a3:ca44:cb0f,52565,2800:3f0:4005:400::2003,443,6,26,3628,20,787,139.53846153846155,219.78892510231975,1669046129.808549,1669046175.28426,45.47571110725403,5.9604644775390625e-06,45.097946882247925,1.8190284442901612,8.83434443775607
2800:3f0:4005:400::2003,443,2800:5f0:814:1787:f03b:d7a3:ca44:cb0f,52565,6,19,2708,20,978,142.52631578947367,248.8553518604422,1669046129.895557,1669046175.378793,45.48323607444763,0.0,45.10266399383545,2.526846448580424,10.326197667700901
2800:5f0:814:1787:f03b:d7a3:ca44:cb0f,51829,2800:5f0:1000:10::2,53,17,2,78,39,39,39.0,0.0,1669046130.137841,1669046130.137861,2.002716064453125e-05,2.002716064453125e-05,2.002716064453125e-05,2.002716064453125e-05,0.0
2800:5f0:814:1787:f03b:d7a3:ca44:cb0f,51829,2800:5f0:800:10::2,53,17,2,78,39,39,39.0,0.0,1669046130.16801,1669046130.168033,2.288818359375e-05,2.288818359375e-05,2.288818359375e-05,2.288818359375e-05,0.0
2800:5f0:1000:10::2,53,2800:5f0:814:1787:f03b:d7a3:ca44:cb0f,51829,17,1,207,207,207,207,0.0,1669046130.186194,1669046130.186194,0,0,0,0,0
2800:5f0:814:1787:f03b:d7a3:ca44:cb0f,52568,2406:da00:ff00::22c0:3470,443,6,38,4160,20,543,109.47368421052632,154.93780362355005,1669046130.188868,1669046133.027095,2.8382270336151123,5.0067901611328125e-06,1.6000862121582031,0.07670883874635438,0.2716842591750893
2406:da00:ff00::22c0:3470,443,2800:5f0:814:1787:f03b:d7a3:ca44:cb0f,52568,6,19,6459,20,1440,339.94736842105266,514.9171086775659,1669046130.262195,1669046133.026901,2.7647058963775635,0.0,1.7670159339904785,0.15359477202097574,0.41796880540238834
192.168.1.5,52228,104.192.142.20,443,6,1177,1058463,40,1492,899.2888700084961,662.3452511811906,1669046130.523329,1669046194.10618,63.58285093307495,0.0,42.679563999176025,0.054067050113158974,1.261535037888106
104.192.142.20,443,192.168.1.5,52228,6,694,235096,40,1492,338.7550432276657,520.3797360381905,1669046130.59593,1669046194.182176,63.58624601364136,0.0,42.677374839782715,0.09175504475272923,1.6424523016900294
192.168.1.5,52904,54.90.223.72,443,6,38,2722,40,96,71.63157894736842,26.984811568763305,1669046130.79024,1669046200.938333,70.1480929851532,5.0067901611328125e-06,9.887293815612793,1.8958944050041404,3.4111488040473414
192.168.1.5,52739,20.82.9.244,443,6,14,777,40,71,55.5,15.5,1669046130.79024,1669046209.012046,78.22180604934692,1.7881393432617188e-05,25.80334496498108,6.0170620037959175,10.831828812932502
54.90.223.72,443,192.168.1.5,52904,6,19,2340,40,1172,123.15789473684211,248.69369516861602,1669046130.870694,1669046200.894892,70.02419805526733,0.0,10.006608963012695,3.8902332252926297,4.134966151557643
20.82.9.244,443,192.168.1.5,52739,6,7,380,40,65,54.285714285714285,12.371791482634839,1669046130.947113,1669046208.958039,78.01092600822449,0.0,26.015124082565308,13.001821001370748,13.00182332643074
192.168.1.5,52333,35.244.189.186,443,6,14,763,40,69,54.5,14.5,1669046131.293359,1669046206.722274,75.42891502380371,1.5020370483398438e-05,24.957993984222412,5.8022242326002855,10.490839322362042
35.244.189.186,443,192.168.1.5,52333,6,8,420,40,65,52.5,12.5,1669046131.308238,1669046206.670651,75.36241292953491,0.06289386749267578,25.02632713317871,10.766058989933558,12.345978013565936
2800:5f0:814:1787:f03b:d7a3:ca44:cb0f,64835,2800:3f0:4005:401::200a,443,17,21,1331,41,274,63.38095238095238,68.33633641982462,1669046131.640444,1669046196.900507,65.26006293296814,1.2874603271484375e-05,14.984316110610962,3.263003146648407,5.251989396400069
2800:5f0:814:1787:f03b:d7a3:ca44:cb0f,52569,2406:da00:ff00::22ee:e721,443,6,18,2088,20,296,116.0,112.90802549961727,1669046131.647379,1669046132.236294,0.5889151096343994,5.0067901611328125e-06,0.13287901878356934,0.03464206527261173,0.04666724129344727
2406:da00:ff00::22ee:e721,443,2800:5f0:814:1787:f03b:d7a3:ca44:cb0f,52569,6,10,6715,20,1440,671.5,595.9075851170213,1669046131.727601,1669046132.135503,0.4079020023345947,0.0,0.11981415748596191,0.04532244470384386,0.04873207616358733
2800:3f0:4005:401::200a,443,2800:5f0:814:1787:f03b:d7a3:ca44:cb0f,64835,17,12,669,33,93,55.75,26.652470179453662,1669046131.761543,1669046196.873952,65.11240887641907,0.0,15.13057804107666,5.919309897856279,5.896178536285393
192.168.1.5,52926,54.232.34.114,443,6,39,2762,40,96,70.82051282051282,27.10177569626871,1669046131.795242,1669046202.743425,70.9481828212738,1.5020370483398438e-05,9.806928873062134,1.8670574426651,3.174986738189658
54.232.34.114,443,192.168.1.5,52926,6,19,2292,40,1124,120.63157894736842,238.04205964632555,1669046131.931972,1669046202.695122,70.76314997673035,0.0,10.002591133117676,3.9312861098183527,3.7996004091412514
54.175.191.204,443,192.168.1.5,61460,6,6,264,40,52,44.0,5.656854249492381,1669046132.081709,1669046203.815341,71.73363208770752,4.616185903549194,22.03211808204651,14.346726417541504,6.8902901579599085
192.168.1.5,61460,54.175.191.204,443,6,12,484,40,41,40.333333333333336,0.4714045207910317,1669046132.081886,1669046203.74338,71.66149401664734,6.198883056640625e-06,22.0321261882782,6.514681274240667,8.528515486472138
192.168.1.6,5353,224.0.0.251,5353,17,4,356,89,89,89.0,0.0,1669046132.50939,1669046192.523083,60.01369285583496,20.002370834350586,20.008336067199707,20.00456428527832,0.0026788489170040974
2800:5f0:814:1787:f03b:d7a3:ca44:cb0f,52400,2800:3f0:4005:400::2003,443,6,4,84,21,21,21.0,0.0,1669046132.513916,1669046177.606762,45.09284591674805,1.6927719116210938e-05,45.09280014038086,15.030948638916016,21.25693905170934
2800:3f0:4005:400::2003,443,2800:5f0:814:1787:f03b:d7a3:ca44:cb0f,52400,6,2,64,32,32,32.0,0.0,1669046132.603793,1669046177.693409,45.08961606025696,45.08961606025696,45.08961606025696,45.08961606025696,0.0
54.175.191.203,443,192.168.1.5,61459,6,6,264,40,52,44.0,5.656854249492381,1669046133.160623,1669046202.138013,68.97738981246948,3.4275479316711426,21.513512134552002,13.795477962493896,7.73166429457551
192.168.1.5,61459,54.175.191.203,443,6,12,484,40,41,40.333333333333336,0.4714045207910317,1669046133.160819,1669046202.065194,68.90437483787537,1.0013580322265625e-05,21.513510942459106,6.264034076170488,8.63502649279513
2800:5f0:814:1787:f03b:d7a3:ca44:cb0f,52487,2800:3f0:4005:401::2004,443,6,14,812,20,206,58.0,62.71477383474214,1669046133.506093,1669046191.151349,57.64525604248047,5.0067901611328125e-06,45.09500288963318,4.43425046480619,12.182084056034268
2800:3f0:4005:401::2004,443,2800:5f0:814:1787:f03b:d7a3:ca44:cb0f,52487,6,9,965,20,672,107.22222222222223,200.25693372808055,1669046133.59044,1669046191.236665,57.64622497558594,0.0,45.08885192871094,7.205778121948242,14.869881031062828
2800:5f0:814:1787:f03b:d7a3:ca44:cb0f,64200,2800:5f0:1000:10::2,53,17,2,98,49,49,49.0,0.0,1669046133.948698,1669046133.948712,1.4066696166992188e-05,1.4066696166992188e-05,1.4066696166992188e-05,1.4066696166992188e-05,0.0
2800:5f0:1000:10::2,53,2800:5f0:814:1787:f03b:d7a3:ca44:cb0f,64200,17,1,77,77,77,77,0.0,1669046133.951804,1669046133.951804,0,0,0,0,0
2800:5f0:814:1787:f03b:d7a3:ca44:cb0f,61135,2800:3f0:4005:40b::200e,443,17,16,4172,41,1238,260.75,398.2485875681168,1669046133.953175,1669046134.186789,0.2336139678955078,5.0067901611328125e-06,0.14310193061828613,0.015574264526367187,0.03619169877425723
2800:3f0:4005:40b::200e,443,2800:5f0:814:1787:f03b:d7a3:ca44:cb0f,61135,17,10,4030,33,1238,403.0,469.5367930205257,1669046134.067735,1669046134.276594,0.20885896682739258,0.0,0.09041690826416016,0.023206551869710285,0.0315416073966362
54.175.191.205,443,192.168.1.5,61455,6,6,264,40,52,44.0,5.656854249492381,1669046134.150668,1669046204.46977,70.3191020488739,2.7036468982696533,22.52959704399109,14.063820409774781,9.316897596957899
192.168.1.5,61455,54.175.191.205,443,6,12,484,40,41,40.333333333333336,0.4714045207910317,1669046134.150787,1669046204.395939,70.24515199661255,5.9604644775390625e-06,22.529643058776855,6.385922908782959,9.422135780323943
2800:5f0:814:1787:f03b:d7a3:ca44:cb0f,52403,2800:3f0:4005:40c::200a,443,6,4,84,21,21,21.0,0.0,1669046134.362999,1669046179.472103,45.10910415649414,1.811981201171875e-05,45.10905194282532,15.036368052164713,21.264598707566563
2800:3f0:4005:40c::200a,443,2800:5f0:814:1787:f03b:d7a3:ca44:cb0f,52403,6,2,64,32,32,32.0,0.0,1669046134.457752,1669046179.566783,45.109030961990356,45.109030961990356,45.109030961990356,45.109030961990356,0.0
2800:5f0:814:1787:f03b:d7a3:ca44:cb0f,61556,2800:5f0:1000:10::2,53,17,1,42,42,42,42,0.0,1669046135.100104,1669046135.100104,0,0,0,0,0
2800:5f0:1000:10::2,53,2800:5f0:814:1787:f03b:d7a3:ca44:cb0f,61556,17,1,142,142,142,142,0.0,1669046135.106519,1669046135.106519,0,0,0,0,0
192.168.1.5,61557,190.110.215.2,53,17,1,62,62,62,62,0.0,1669046135.118523,1669046135.118523,0,0,0,0,0
192.168.1.5,61558,190.110.215.2,53,17,1,62,62,62,62,0.0,1669046135.118525,1669046135.118525,0,0,0,0,0
192.168.1.5,61559,200.105.225.2,53,17,1,62,62,62,62,0.0,1669046135.118575,1669046135.118575,0,0,0,0,0
192.168.1.5,61560,200.105.225.2,53,17,1,62,62,62,62,0.0,1669046135.118596,1669046135.118596,0,0,0,0,0
190.110.215.2,53,192.168.1.5,61558,17,1,186,186,186,186,0.0,1669046135.122284,1669046135.122284,0,0,0,0,0
190.110.215.2,53,192.168.1.5,61557,17,1,162,162,162,162,0.0,1669046135.122284,1669046135.122284,0,0,0,0,0
200.105.225.2,53,192.168.1.5,61559,17,1,162,162,162,162,0.0,1669046135.122284,1669046135.122284,0,0,0,0,0
192.168.1.5,52572,62.67.238.151,443,6,16,1677,40,557,104.8125,122.1941174678634,1669046135.12329,1669046135.832647,0.7093570232391357,2.09808349609375e-05,0.18159794807434082,0.047290468215942384,0.07732187140286621
2800:5f0:814:1787:f03b:d7a3:ca44:cb0f,52573,2406:da00:ff00::22c0:3470,443,6,19,2086,20,543,109.78947368421052,155.03228151017228,1669046135.125376,1669046138.076743,2.951366901397705,3.2901763916015625e-05,1.664482831954956,0.16396482785542807,0.3846422078717478
2406:da00:ff00::22c0:3470,443,2800:5f0:814:1787:f03b:d7a3:ca44:cb0f,52573,6,16,4947,20,1440,309.1875,472.5908932086504,1669046135.200447,1669046138.076514,2.8760669231414795,0.0,1.8444499969482422,0.19173779487609863,0.4710778280373115
62.67.238.151,443,192.168.1.5,52572,6,23,5450,40,1480,236.95652173913044,411.2406973453857,1669046135.290375,1669046136.003416,0.7130410671234131,0.0,0.17130804061889648,0.032410957596518776,0.06481727184107518
2800:5f0:814:1787:f03b:d7a3:ca44:cb0f,55374,2800:5f0:1000:10::2,53,17,1,43,43,43,43,0.0,1669046136.589805,1669046136.589805,0,0,0,0,0
2800:5f0:814:1787:f03b:d7a3:ca44:cb0f,55374,2800:5f0:800:10::2,53,17,1,43,43,43,43,0.0,1669046136.622298,1669046136.622298,0,0,0,0,0
2800:5f0:1000:10::2,53,2800:5f0:814:1787:f03b:d7a3:ca44:cb0f,55374,17,1,127,127,127,127,0.0,1669046136.638228,1669046136.638228,0,0,0,0,0
2800:5f0:814:1787:f03b:d7a3:ca44:cb0f,52574,2406:da00:ff00::36ec:507a,443,6,9,1044,20,296,116.0,112.90802549961727,1669046136.645467,1669046137.262877,0.6174099445343018,0.004758119583129883,0.16705989837646484,0.07717624306678772,0.04889470512039503
2406:da00:ff00::36ec:507a,443,2800:5f0:814:1787:f03b:d7a3:ca44:cb0f,52574,6,10,6714,20,1440,671.4,595.6131630513214,1669046136.720317,1669046137.166535,0.44621801376342773,0.0,0.1210319995880127,0.049579779307047524,0.0482371440722705
192.168.1.5,52495,13.107.5.93,443,6,3,123,41,41,41.0,0.0,1669046137.901756,1669046182.951724,45.049968004226685,2.002716064453125e-05,45.04994797706604,22.524984002113342,22.524963974952698
13.107.5.93,443,192.168.1.5,52495,6,2,104,52,52,52.0,0.0,1669046137.949082,1669046183.029751,45.08066916465759,45.08066916465759,45.08066916465759,45.08066916465759,0.0
54.175.191.203,443,192.168.1.5,61461,6,6,264,40,52,44.0,5.656854249492381,1669046138.228421,1669046202.108749,63.88032793998718,1.676023006439209,20.485223054885864,12.776065587997437,8.772050648597912
192.168.1.5,61461,54.175.191.203,443,6,11,444,40,41,40.36363636363637,0.4810456929208346,1669046138.228586,1669046202.034556,63.80596995353699,5.0067901611328125e-06,20.48520302772522,6.380596995353699,8.893317232133114
2800:5f0:814:1787:f03b:d7a3:ca44:cb0f,51586,2607:f8b0:400c:c11::bc,5228,6,3,63,21,21,21.0,0.0,1669046138.685405,1669046183.755336,45.06993103027344,2.3126602172851562e-05,45.069907903671265,22.53496551513672,22.534942388534546
2607:f8b0:400c:c11::bc,5228,2800:5f0:814:1787:f03b:d7a3:ca44:cb0f,51586,6,2,64,32,32,32.0,0.0,1669046138.753477,1669046183.828975,45.07549786567688,45.07549786567688,45.07549786567688,45.07549786567688,0.0
2800:5f0:814:1787:f03b:d7a3:ca44:cb0f,52401,2a03:2880:f22b:c5:face:b00c:0:167,443,6,10,545,20,89,54.5,34.5,1669046138.794729,1669046190.978777,52.18404793739319,1.2159347534179688e-05,28.812580108642578,5.798227548599243,10.796593399001098
192.168.1.5,52705,212.73.235.19,443,6,1,70,70,70,70,0.0,1669046138.809307,1669046138.809307,0,0,0,0,0
2a03:2880:f22b:c5:face:b00c:0:167,443,2800:5f0:814:1787:f03b:d7a3:ca44:cb0f,52401,6,6,333,20,91,55.5,35.5,1669046138.852587,1669046190.933137,52.08054995536804,0.07061100006103516,28.92031693458557,10.416109991073608,12.803738447804056
54.175.191.205,443,192.168.1.5,61456,6,6,264,40,52,44.0,5.656854249492381,1669046138.92134,1669046206.503913,67.58257293701172,2.0281269550323486,22.540235996246338,13.516514587402344,9.395348983739153
192.168.1.5,61456,54.175.191.205,443,6,10,404,40,41,40.4,0.4898979485566356,1669046138.921473,1669046206.504044,67.58257102966309,9.059906005859375e-06,22.540378093719482,7.509174558851454,9.670710111554929
54.175.191.205,443,192.168.1.5,61463,6,6,264,40,52,44.0,5.656854249492381,1669046138.963526,1669046205.478509,66.51498293876648,1.0054020881652832,22.611888885498047,13.302996587753295,10.063491283230245
192.168.1.5,61463,54.175.191.205,443,6,11,444,40,41,40.36363636363637,0.4810456929208346,1669046138.963686,1669046205.478613,66.51492691040039,5.9604644775390625e-06,22.611945867538452,6.651492691040039,9.71038878901056
212.73.235.19,443,192.168.1.5,52705,6,1,40,40,40,40,0.0,1669046139.008143,1669046139.008143,0,0,0,0,0
2800:5f0:814:1787:f03b:d7a3:ca44:cb0f,52508,2606:2800:157:1508:1539:174:1a75:1191,443,6,3,63,21,21,21.0,0.0,1669046139.790847,1669046184.846924,45.056077003479004,2.8133392333984375e-05,45.05604887008667,22.528038501739502,22.528010368347168
192.168.1.5,52243,66.110.49.116,443,6,19,1818,40,246,95.6842105263158,64.25447158847058,1669046139.82863,1669046180.795009,40.966378927230835,5.0067901611328125e-06,40.11055397987366,2.275909940401713,9.176747579670618
2606:2800:157:1508:1539:174:1a75:1191,443,2800:5f0:814:1787:f03b:d7a3:ca44:cb0f,52508,6,2,64,32,32,32.0,0.0,1669046139.839407,1669046184.896344,45.05693697929382,45.05693697929382,45.05693697929382,45.05693697929382,0.0
66.110.49.116,443,192.168.1.5,52243,6,12,1231,40,150,102.58333333333333,41.423540677038005,1669046139.932755,1669046180.753595,40.82084012031555,0.0,40.218544006347656,3.710985465483232,11.545791497143654
2800:5f0:814:1787:f03b:d7a3:ca44:cb0f,52577,2406:da00:ff00::22c0:3470,443,6,16,2008,20,543,125.5,164.47682207533072,1669046140.164143,1669046142.443246,2.2791028022766113,2.384185791015625e-05,1.677306890487671,0.15194018681844076,0.41034270581654664
2406:da00:ff00::22c0:3470,443,2800:5f0:814:1787:f03b:d7a3:ca44:cb0f,52577,6,15,4328,20,1440,288.53333333333336,460.6092873092721,1669046140.243001,1669046142.441319,2.1983180046081543,0.0,1.8407838344573975,0.15702271461486816,0.46845249121448046
2800:5f0:814:1787:f03b:d7a3:ca44:cb0f,52578,2406:da00:ff00::36ec:507a,443,6,10,1064,20,296,106.4,110.91816803391589,1669046141.62929,1669046142.297554,0.6682639122009277,0.0022509098052978516,0.16104698181152344,0.07425154580010308,0.053312212847367244
2406:da00:ff00::36ec:507a,443,2800:5f0:814:1787:f03b:d7a3:ca44:cb0f,52578,6,11,6734,20,1440,612.1818181818181,581.9932549096515,1669046141.734007,1669046142.200874,0.46686720848083496,0.0,0.12577199935913086,0.04668672084808349,0.05120517364132298
2800:5f0:814:1787:f03b:d7a3:ca44:cb0f,52249,2800:3f0:4005:401::2004,443,6,12,1118,20,380,93.16666666666667,129.43649236423073,1669046144.396863,1669046189.050926,44.6540629863739,1.2874603271484375e-05,44.4077730178833,4.059460271488536,12.759340914843126
2800:5f0:814:1787:f03b:d7a3:ca44:cb0f,52532,2800:3f0:4005:404::200e,443,6,4,84,21,21,21.0,0.0,1669046144.397078,1669046189.496817,45.09973907470703,7.867813110351562e-06,45.0997040271759,15.033246358235678,21.260196103967374
2800:3f0:4005:404::200e,443,2800:5f0:814:1787:f03b:d7a3:ca44:cb0f,52532,6,2,64,32,32,32.0,0.0,1669046144.490901,1669046189.583584,45.09268307685852,45.09268307685852,45.09268307685852,45.09268307685852,0.0
2800:3f0:4005:401::2004,443,2800:5f0:814:1787:f03b:d7a3:ca44:cb0f,52249,6,8,937,20,676,117.125,211.84218034895696,1669046144.493606,1669046189.14925,44.655643939971924,0.0,44.40628695487976,6.379377705710275,15.524516815895566
2800:5f0:814:1787:f03b:d7a3:ca44:cb0f,52299,2800:3f0:4005:40a::200e,443,6,4,84,21,21,21.0,0.0,1669046144.52195,1669046189.62253,45.10057997703552,1.7881393432617188e-05,45.1005380153656,15.03352665901184,21.260587620090828
2800:5f0:814:1787:f03b:d7a3:ca44:cb0f,52581,2406:da00:ff00::22c0:3470,443,6,38,4160,20,543,109.47368421052632,154.93780362355005,1669046144.574554,1669046147.424081,2.84952712059021,5.0067901611328125e-06,1.6293938159942627,0.07701424650243811,0.27595319969504284
2800:3f0:4005:40a::200e,443,2800:5f0:814:1787:f03b:d7a3:ca44:cb0f,52299,6,2,64,32,32,32.0,0.0,1669046144.616049,1669046189.714997,45.09894800186157,45.09894800186157,45.09894800186157,45.09894800186157,0.0
2406:da00:ff00::22c0:3470,443,2800:5f0:814:1787:f03b:d7a3:ca44:cb0f,52581,6,20,6039,20,1440,301.95,490.0656563155594,1669046144.650346,1669046147.424708,2.7743618488311768,0.0,1.789971113204956,0.1460190446753251,0.4126595661046816
2800:5f0:814:1787:f03b:d7a3:ca44:cb0f,59384,2800:5f0:1000:10::2,53,17,2,112,56,56,56.0,0.0,1669046144.794454,1669046144.794472,1.7881393432617188e-05,1.7881393432617188e-05,1.7881393432617188e-05,1.7881393432617188e-05,0.0
2800:5f0:1000:10::2,53,2800:5f0:814:1787:f03b:d7a3:ca44:cb0f,59384,17,1,133,133,133,133,0.0,1669046144.800756,1669046144.800756,0,0,0,0,0
192.168.1.5,52582,151.101.1.195,443,6,16,3434,40,828,214.625,285.2248838635928,1669046144.802482,1669046145.212343,0.40986108779907227,6.9141387939453125e-06,0.17701983451843262,0.02732407251993815,0.04615978422790033
151.101.1.195,443,192.168.1.5,52582,6,13,8539,40,1492,656.8461538461538,672.6411600381846,1669046144.859226,1669046145.212069,0.3528430461883545,0.0,0.12839698791503906,0.029403587182362873,0.03917035629905348
2800:5f0:814:1787:f03b:d7a3:ca44:cb0f,52497,2620:1ec:a92::175,443,6,4,84,21,21,21.0,0.0,1669046145.096109,1669046190.16877,45.07266116142273,2.2172927856445312e-05,45.07261300086975,15.02422038714091,21.247422180923486
2620:1ec:a92::175,443,2800:5f0:814:1787:f03b:d7a3:ca44:cb0f,52497,6,2,64,32,32,32.0,0.0,1669046145.160239,1669046190.216056,45.05581712722778,45.05581712722778,45.05581712722778,45.05581712722778,0.0
2800:5f0:814:1787:f03b:d7a3:ca44:cb0f,58386,2800:5f0:1000:10::2,53,17,2,98,49,49,49.0,0.0,1669046145.42511,1669046145.425125,1.4781951904296875e-05,1.4781951904296875e-05,1.4781951904296875e-05,1.4781951904296875e-05,0.0
2800:5f0:814:1787:f03b:d7a3:ca44:cb0f,64252,2800:5f0:1000:10::2,53,17,2,98,49,49,49.0,0.0,1669046145.425326,1669046145.425335,8.821487426757812e-06,8.821487426757812e-06,8.821487426757812e-06,8.821487426757812e-06,0.0
2800:5f0:1000:10::2,53,2800:5f0:814:1787:f03b:d7a3:ca44:cb0f,58386,17,1,242,242,242,242,0.0,1669046145.430607,1669046145.430607,0,0,0,0,0
2800:5f0:1000:10::2,53,2800:5f0:814:1787:f03b:d7a3:ca44:cb0f,64252,17,1,198,198,198,198,0.0,1669046145.430607,1669046145.430607,0,0,0,0,0
192.168.1.5,52583,44.211.12.112,443,6,18,3874,40,670,215.22222222222223,249.48737566715468,1669046145.432415,1669046155.843169,10.410753965377808,6.198883056640625e-06,9.998879194259644,0.6123972920810475,2.3468946619081543
44.211.12.112,443,192.168.1.5,52583,6,13,8113,40,1492,624.0769230769231,635.0059311096068,1669046145.514887,1669046155.842981,10.328094005584717,0.0,9.998844146728516,0.8606745004653931,2.7555072387466772
2800:5f0:814:1787:f03b:d7a3:ca44:cb0f,53696,2800:5f0:1000:10::2,53,17,2,90,45,45,45.0,0.0,1669046145.846008,1669046145.846022,1.3828277587890625e-05,1.3828277587890625e-05,1.3828277587890625e-05,1.3828277587890625e-05,0.0
2800:5f0:814:1787:f03b:d7a3:ca44:cb0f,57955,2800:5f0:1000:10::2,53,17,2,90,45,45,45.0,0.0,1669046145.846114,1669046145.846121,7.152557373046875e-06,7.152557373046875e-06,7.152557373046875e-06,7.152557373046875e-06,0.0
2800:5f0:1000:10::2,53,2800:5f0:814:1787:f03b:d7a3:ca44:cb0f,57955,17,1,123,123,123,123,0.0,1669046145.872151,1669046145.872151,0,0,0,0,0
2800:5f0:1000:10::2,53,2800:5f0:814:1787:f03b:d7a3:ca44:cb0f,53696,17,1,173,173,173,173,0.0,1669046145.872151,1669046145.872151,0,0,0,0,0
192.168.1.5,52584,54.86.105.5,443,6,18,4014,40,746,223.0,265.141471671257,1669046145.873054,1669046156.291115,10.418061017990112,6.198883056640625e-06,9.994876861572266,0.6128271187053007,2.3458094187368
54.86.105.5,443,192.168.1.5,52584,6,14,9358,40,1492,668.4285714285714,663.1931106705017,1669046145.945362,1669046156.290849,10.345486879348755,0.0,9.994844913482666,0.7958066830268273,2.6558310639255653
2800:5f0:814:1787:f03b:d7a3:ca44:cb0f,52585,2406:da00:ff00::36ec:507a,443,6,18,2088,20,296,116.0,112.90802549961727,1669046146.015851,1669046146.6365,0.6206488609313965,7.867813110351562e-06,0.1377120018005371,0.03650875652537627,0.049349762524895695
2406:da00:ff00::36ec:507a,443,2800:5f0:814:1787:f03b:d7a3:ca44:cb0f,52585,6,10,6714,20,1440,671.4,595.8760273748223,1669046146.094878,1669046146.538776,0.44389796257019043,0.0,0.11868691444396973,0.04932199584113227,0.05115779269236831
192.168.1.5,52284,151.101.4.157,443,6,4,164,41,41,41.0,0.0,1669046148.02399,1669046193.106088,45.08209800720215,2.288818359375e-05,45.08204913139343,15.027366002400717,21.25187024692371
192.168.1.5,52289,104.244.43.131,443,6,4,164,41,41,41.0,0.0,1669046148.039146,1669046193.106089,45.06694316864014,2.002716064453125e-05,45.066899061203,15.022314389546713,21.24472955926163
151.101.4.157,443,192.168.1.5,52284,6,2,104,52,52,52.0,0.0,1669046148.097111,1669046193.154984,45.057873010635376,45.057873010635376,45.057873010635376,45.057873010635376,0.0
104.244.43.131,443,192.168.1.5,52289,6,2,104,52,52,52.0,0.0,1669046148.103031,1669046193.159938,45.056907176971436,45.056907176971436,45.056907176971436,45.056907176971436,0.0
192.168.1.5,57959,239.255.255.250,1900,17,8,1624,203,203,203.0,0.0,1669046148.167727,1669046151.207987,3.040260076522827,5.0067901611328125e-06,1.0201389789581299,0.4343228680746896,0.5015140446288331
2800:5f0:814:1787:f03b:d7a3:ca44:cb0f,61384,2607:f8b0:400c:c02::bc,5228,6,4,84,21,21,21.0,0.0,1669046149.409525,1669046194.482227,45.072702169418335,1.9073486328125e-05,45.07265901565552,15.024234056472778,21.24744505261332
192.168.1.5,52330,104.192.142.12,443,6,6,242,40,41,40.333333333333336,0.4714045207910317,1669046149.439498,1669046178.929786,29.490288019180298,2.002716064453125e-05,29.41292905807495,5.89805760383606,11.757473814398418
2607:f8b0:400c:c02::bc,5228,2800:5f0:814:1787:f03b:d7a3:ca44:cb0f,61384,6,2,64,32,32,32.0,0.0,1669046149.471021,1669046194.542826,45.071805000305176,45.071805000305176,45.071805000305176,45.071805000305176,0.0
104.192.142.12,443,192.168.1.5,52330,6,4,235,40,79,58.75,14.446020213193666,1669046149.512665,1669046178.929168,29.416502952575684,0.0,29.337001085281372,9.805500984191895,13.81089430572521
2800:5f0:814:1787:f03b:d7a3:ca44:cb0f,52588,2406:da00:ff00::22c0:3470,443,6,38,4160,20,543,109.47368421052632,154.93780362355005,1669046149.535149,1669046152.489751,2.954602003097534,2.86102294921875e-06,1.6712701320648193,0.07985410819182524,0.28258919782063635
2406:da00:ff00::22c0:3470,443,2800:5f0:814:1787:f03b:d7a3:ca44:cb0f,52588,6,19,6459,20,1440,339.94736842105266,514.9342802915636,1669046149.611145,1669046152.49081,2.879664897918701,0.0,1.8492510318756104,0.1599813832177056,0.43562896362846193
2800:5f0:814:1787:f03b:d7a3:ca44:cb0f,52589,2406:da00:ff00::36ec:507a,443,6,20,2128,20,296,106.4,110.91816803391588,1669046151.064207,1669046151.677834,0.6136269569396973,9.059906005859375e-06,0.15056800842285156,0.03229615562840512,0.04783318843155902
2406:da00:ff00::36ec:507a,443,2800:5f0:814:1787:f03b:d7a3:ca44:cb0f,52589,6,11,6733,20,1440,612.0909090909091,581.8516609685846,1669046151.144291,1669046151.577617,0.43332600593566895,0.0,0.11977195739746094,0.043332600593566896,0.048087503306527356
192.168.1.5,52281,66.110.49.116,443,6,2,82,41,41,41.0,0.0,1669046153.863253,1669046153.863276,2.288818359375e-05,2.288818359375e-05,2.288818359375e-05,2.288818359375e-05,0.0
66.110.49.116,443,192.168.1.5,52281,6,1,40,40,40,40,0.0,1669046153.967201,1669046153.967201,0,0,0,0,0
2800:5f0:814:1787:f03b:d7a3:ca44:cb0f,52592,2406:da00:ff00::22c0:3470,443,6,32,3992,20,543,124.75,164.33141057022544,1669046154.582516,1669046156.832664,2.250148057937622,1.9073486328125e-06,1.6337471008300781,0.07258542122379426,0.28809469213603506
2406:da00:ff00::22c0:3470,443,2800:5f0:814:1787:f03b:d7a3:ca44:cb0f,52592,6,15,4350,20,1440,290.0,460.42646897559365,1669046154.661944,1669046156.830503,2.1685590744018555,0.0,1.8199830055236816,0.15489707674298966,0.4631671692306053
2800:5f0:814:1787:f03b:d7a3:ca44:cb0f,65228,2800:5f0:1000:10::2,53,17,2,96,48,48,48.0,0.0,1669046155.848342,1669046155.848356,1.4066696166992188e-05,1.4066696166992188e-05,1.4066696166992188e-05,1.4066696166992188e-05,0.0
2800:5f0:814:1787:f03b:d7a3:ca44:cb0f,62976,2800:5f0:1000:10::2,53,17,2,96,48,48,48.0,0.0,1669046155.848633,1669046155.848644,1.0967254638671875e-05,1.0967254638671875e-05,1.0967254638671875e-05,1.0967254638671875e-05,0.0
2800:5f0:1000:10::2,53,2800:5f0:814:1787:f03b:d7a3:ca44:cb0f,65228,17,1,176,176,176,176,0.0,1669046155.865058,1669046155.865058,0,0,0,0,0
2800:5f0:1000:10::2,53,2800:5f0:814:1787:f03b:d7a3:ca44:cb0f,62976,17,1,135,135,135,135,0.0,1669046155.866158,1669046155.866158,0,0,0,0,0
192.168.1.5,52593,3.214.164.250,443,6,42,27114,40,1500,645.5714285714286,627.2655374096115,1669046155.867176,1669046204.785708,48.91853189468384,0.0,32.962027072906494,1.1931349242605813,5.4725555969476085
3.214.164.250,443,192.168.1.5,52593,6,19,8295,40,1492,436.57894736842104,531.55217754377,1669046155.940184,1669046204.73458,48.7943959236145,0.0,33.10342597961426,2.710799773534139,8.051110343475601
2800:5f0:814:1787:f03b:d7a3:ca44:cb0f,52594,2406:da00:ff00::36ec:507a,443,6,18,2088,20,296,116.0,112.90802549961727,1669046156.041955,1669046156.657071,0.6151161193847656,1.1920928955078125e-05,0.15151000022888184,0.03618330114028033,0.049957393846759825
2406:da00:ff00::36ec:507a,443,2800:5f0:814:1787:f03b:d7a3:ca44:cb0f,52594,6,10,6716,20,1440,671.6,582.7272432279102,1669046156.117039,1669046156.558357,0.4413180351257324,0.0,0.11950492858886719,0.049035337236192494,0.04927347101837257
2800:5f0:814:1787:f03b:d7a3:ca44:cb0f,54989,2800:3f0:4005:400::200a,443,17,16,4182,41,1238,261.375,399.3134537866211,1669046156.772597,1669046157.024858,0.2522609233856201,4.0531158447265625e-06,0.15367484092712402,0.016817394892374674,0.03895552646442221
2800:3f0:4005:400::200a,443,2800:5f0:814:1787:f03b:d7a3:ca44:cb0f,54989,17,10,4045,33,1238,404.5,469.1774184676837,1669046156.885387,1669046157.117557,0.23217010498046875,0.0,0.09317898750305176,0.025796678331163194,0.03179070291936917
2800:5f0:814:1787:f03b:d7a3:ca44:cb0f,52597,2406:da00:ff00::22c0:3470,443,6,52,4250,20,543,81.73076923076923,138.8550870767816,1669046158.958542,1669046160.43391,1.475367784500122,1.9073486328125e-06,0.6501250267028809,0.02892878008823769,0.09469474902051188
2406:da00:ff00::22c0:3470,443,2800:5f0:814:1787:f03b:d7a3:ca44:cb0f,52597,6,106,133904,20,1440,1263.245283018868,455.12032021650765,1669046159.03469,1669046160.433747,1.399057149887085,0.0,0.7438480854034424,0.013324353808448429,0.0745807323733877
192.168.1.5,54990,216.239.35.12,123,17,2,152,76,76,76.0,0.0,1669046159.064836,1669046159.064851,1.5020370483398438e-05,1.5020370483398438e-05,1.5020370483398438e-05,1.5020370483398438e-05,0.0
216.239.35.12,123,192.168.1.5,54990,17,1,76,76,76,76,0.0,1669046159.137235,1669046159.137235,0,0,0,0,0
2800:5f0:814:1787:f03b:d7a3:ca44:cb0f,52231,2800:3f0:4005:407::200e,443,6,4,84,21,21,21.0,0.0,1669046159.170529,1669046204.271414,45.10088515281677,2.002716064453125e-05,45.100829124450684,15.033628384272257,21.26072153467835
2800:3f0:4005:407::200e,443,2800:5f0:814:1787:f03b:d7a3:ca44:cb0f,52231,6,2,64,32,32,32.0,0.0,1669046159.258555,1669046204.36579,45.107234954833984,45.107234954833984,45.107234954833984,45.107234954833984,0.0
2800:5f0:814:1787:f03b:d7a3:ca44:cb0f,52600,2406:da00:ff00::22c0:3470,443,6,32,4016,20,543,125.5,164.47682207533072,1669046162.495942,1669046165.426798,2.9308559894561768,1.9073486328125e-06,1.6023578643798828,0.09454374159536054,0.3172183542323611
2406:da00:ff00::22c0:3470,443,2800:5f0:814:1787:f03b:d7a3:ca44:cb0f,52600,6,13,4287,20,1440,329.7692307692308,483.6710824272332,1669046162.569498,1669046165.424729,2.8552310466766357,0.0,1.7827908992767334,0.23793592055638632,0.5081265580926158
2800:5f0:814:1787:f03b:d7a3:ca44:cb0f,52380,2600:9000:2353:5000:e:8ad6:4240:93a1,443,6,12,792,20,164,66.0,54.81179921634879,1669046162.810996,1669046184.502781,21.691784858703613,9.059906005859375e-06,20.746782064437866,1.9719804417003284,5.941234036529787
2600:9000:2353:5000:e:8ad6:4240:93a1,443,2800:5f0:814:1787:f03b:d7a3:ca44:cb0f,52380,6,7,1191,20,521,170.14285714285714,221.6389783740529,1669046162.861239,1669046184.455653,21.594413995742798,0.0,20.759972095489502,3.5990689992904663,7.68063526800224
2800:5f0:814:1787:f03b:d7a3:ca44:cb0f,52433,2800:3f0:4005:40c::2003,443,6,3,63,21,21,21.0,0.0,1669046163.69249,1669046208.794321,45.10183095932007,2.6941299438476562e-05,45.10180401802063,22.550915479660034,22.550888538360596
2800:3f0:4005:40c::2003,443,2800:5f0:814:1787:f03b:d7a3:ca44:cb0f,52433,6,2,64,32,32,32.0,0.0,1669046163.789182,1669046208.891359,45.102177143096924,45.102177143096924,45.102177143096924,45.102177143096924,0.0
2800:5f0:814:1787:f03b:d7a3:ca44:cb0f,52601,2406:da00:ff00::36ec:507a,443,6,18,2088,20,296,116.0,112.90802549961727,1669046163.910056,1669046164.52587,0.6158139705657959,4.0531158447265625e-06,0.15410494804382324,0.0362243512097527,0.05004909774105481
2406:da00:ff00::36ec:507a,443,2800:5f0:814:1787:f03b:d7a3:ca44:cb0f,52601,6,10,6714,20,1440,671.4,582.5348401597968,1669046163.990352,1669046164.430876,0.4405241012573242,0.0,0.12290692329406738,0.048947122361924916,0.05005766734757842
192.168.1.5,52383,13.35.116.76,443,6,10,1776,40,653,177.6,238.26338367445382,1669046164.541152,1669046185.903179,21.362026929855347,1.1920928955078125e-05,21.270344018936157,2.3735585477617054,6.681076466957562
13.35.116.76,443,192.168.1.5,52383,6,7,1534,40,1212,219.14285714285714,405.59741777546174,1669046164.600732,1669046185.954237,21.35350489616394,0.0,21.262763023376465,3.55891748269399,7.917424322848671
2800:5f0:814:1787:f03b:d7a3:ca44:cb0f,52386,2600:9000:2486:e800:10:5be3:f900:93a1,443,6,2,42,21,21,21.0,0.0,1669046164.758468,1669046164.758487,1.9073486328125e-05,1.9073486328125e-05,1.9073486328125e-05,1.9073486328125e-05,0.0
2600:9000:2486:e800:10:5be3:f900:93a1,443,2800:5f0:814:1787:f03b:d7a3:ca44:cb0f,52386,6,1,32,32,32,32,0.0,1669046164.808686,1669046164.808686,0,0,0,0,0
192.168.1.5,52387,104.192.142.15,443,6,14,1504,40,329,107.42857142857143,97.17856486585792,1669046165.736914,1669046187.529321,21.792407035827637,2.86102294921875e-06,21.58964204788208,1.6763390027559721,5.748589302047059
104.192.142.15,443,192.168.1.5,52387,6,7,2690,40,1492,384.2857142857143,548.0992387425877,1669046165.811168,1669046187.650857,21.839689016342163,0.0,21.59362506866455,3.6399481693903604,8.029316927109328
192.168.1.5,52496,40.64.128.224,443,6,2,82,41,41,41.0,0.0,1669046166.018305,1669046166.018327,2.193450927734375e-05,2.193450927734375e-05,2.193450927734375e-05,2.193450927734375e-05,0.0
40.64.128.224,443,192.168.1.5,52496,6,1,52,52,52,52,0.0,1669046166.137275,1669046166.137275,0,0,0,0,0
2800:5f0:814:1787:f03b:d7a3:ca44:cb0f,59644,2800:5f0:1000:10::2,53,17,2,78,39,39,39.0,0.0,1669046167.55614,1669046167.556158,1.811981201171875e-05,1.811981201171875e-05,1.811981201171875e-05,1.811981201171875e-05,0.0
2800:5f0:814:1787:f03b:d7a3:ca44:cb0f,59644,2800:5f0:800:10::2,53,17,2,78,39,39,39.0,0.0,1669046167.592664,1669046167.592678,1.4066696166992188e-05,1.4066696166992188e-05,1.4066696166992188e-05,1.4066696166992188e-05,0.0
2800:5f0:1000:10::2,53,2800:5f0:814:1787:f03b:d7a3:ca44:cb0f,59644,17,1,55,55,55,55,0.0,1669046167.638006,1669046167.638006,0,0,0,0,0
2800:5f0:814:1787:f03b:d7a3:ca44:cb0f,52604,2406:da00:ff00::22c0:3470,443,6,32,4076,20,543,127.375,164.90447045183464,1669046167.640483,1669046169.913005,2.272522211074829,3.814697265625e-06,1.6161201000213623,0.07330716809918804,0.2845814218855035
2406:da00:ff00::22c0:3470,443,2800:5f0:814:1787:f03b:d7a3:ca44:cb0f,52604,6,16,4350,20,1440,271.875,451.2175022924089,1669046167.718041,1669046169.910545,2.1925041675567627,0.0,1.7829740047454834,0.14616694450378417,0.43868484156752674
2800:5f0:814:1787:f03b:d7a3:ca44:cb0f,52605,2406:da00:ff00::36ec:507a,443,6,18,2088,20,296,116.0,112.90802549961727,1669046169.149079,1669046169.756702,0.6076228618621826,5.9604644775390625e-06,0.13164186477661133,0.03574252128601074,0.048186247752286956
2406:da00:ff00::36ec:507a,443,2800:5f0:814:1787:f03b:d7a3:ca44:cb0f,52605,6,10,6715,20,1440,671.5,582.6721633989391,1669046169.226267,1669046169.66267,0.4364027976989746,0.0,0.11975598335266113,0.04848919974433051,0.05225840396228543
2800:5f0:814:1787:f03b:d7a3:ca44:cb0f,52608,2406:da00:ff00::22c0:3470,443,6,66,4726,20,543,71.60606060606061,125.6669333798165,1669046172.063065,1669046175.333777,3.270711898803711,2.86102294921875e-06,1.6547198295593262,0.05031864459698017,0.218545218844502
2406:da00:ff00::22c0:3470,443,2800:5f0:814:1787:f03b:d7a3:ca44:cb0f,52608,6,140,183057,20,1440,1307.55,399.3557190740391,1669046172.136622,1669046175.333672,3.197050094604492,0.0,1.8287811279296875,0.023000360392838072,0.16685451247603153
2800:5f0:814:1787:f03b:d7a3:ca44:cb0f,52609,2406:da00:ff00::36ec:507a,443,6,18,2088,20,296,116.0,112.90802549961727,1669046173.512473,1669046174.162519,0.6500458717346191,1.0013580322265625e-05,0.1531679630279541,0.038237992454977596,0.052939776571423444
2406:da00:ff00::36ec:507a,443,2800:5f0:814:1787:f03b:d7a3:ca44:cb0f,52609,6,10,6716,20,1440,671.6,582.551662945013,1669046173.589658,1669046174.066707,0.4770488739013672,0.0,0.13968610763549805,0.05300543043348524,0.052378500453481795
2800:5f0:814:1787:f03b:d7a3:ca44:cb0f,59653,2800:5f0:1000:10::2,53,17,2,80,40,40,40.0,0.0,1669046176.594758,1669046176.594771,1.2874603271484375e-05,1.2874603271484375e-05,1.2874603271484375e-05,1.2874603271484375e-05,0.0
2800:5f0:814:1787:f03b:d7a3:ca44:cb0f,59523,2800:5f0:1000:10::2,53,17,2,80,40,40,40.0,0.0,1669046176.595148,1669046176.595159,1.0967254638671875e-05,1.0967254638671875e-05,1.0967254638671875e-05,1.0967254638671875e-05,0.0
2800:5f0:1000:10::2,53,2800:5f0:814:1787:f03b:d7a3:ca44:cb0f,59653,17,1,162,162,162,162,0.0,1669046176.598491,1669046176.598491,0,0,0,0,0
2800:5f0:1000:10::2,53,2800:5f0:814:1787:f03b:d7a3:ca44:cb0f,59523,17,1,172,172,172,172,0.0,1669046176.598491,1669046176.598491,0,0,0,0,0
192.168.1.5,52610,200.110.126.59,443,6,16,1706,40,254,106.625,85.92574919661743,1669046176.601862,1669046176.641631,0.03976893424987793,4.0531158447265625e-06,0.011085987091064453,0.0026512622833251955,0.0036262255618557154
200.110.126.59,443,192.168.1.5,52610,6,14,11145,40,1492,796.0714285714286,668.6195228427978,1669046176.609065,1669046176.641517,0.03245186805725098,0.0,0.006947994232177734,0.00249629754286546,0.0029826979724130996
2800:5f0:814:1787:f03b:d7a3:ca44:cb0f,52613,2406:da00:ff00::22c0:3470,443,6,32,4016,20,543,125.5,164.47682207533072,1669046177.432397,1669046179.778835,2.34643816947937,1.9073486328125e-06,1.7040929794311523,0.07569155385417323,0.29992175139469424
2406:da00:ff00::22c0:3470,443,2800:5f0:814:1787:f03b:d7a3:ca44:cb0f,52613,6,15,4339,20,1440,289.26666666666665,461.17855785175254,1669046177.508412,1669046179.776598,2.268186092376709,0.0,1.8794848918914795,0.16201329231262207,0.47788455099667904
192.168.1.5,59527,239.255.255.250,1900,17,8,1584,198,198,198.0,0.0,1669046177.563079,1669046180.583285,3.0202059745788574,4.76837158203125e-06,1.009810209274292,0.4314579963684082,0.4982032352642534
192.168.1.5,59531,239.255.255.250,1900,17,8,1624,203,203,203.0,0.0,1669046177.859306,1669046180.888474,3.029167890548706,5.9604644775390625e-06,1.0117990970611572,0.43273827007838656,0.49967049402110225
2800:5f0:814:1787:f03b:d7a3:ca44:cb0f,53952,2800:5f0:1000:10::2,53,17,2,86,43,43,43.0,0.0,1669046179.017061,1669046179.017075,1.4066696166992188e-05,1.4066696166992188e-05,1.4066696166992188e-05,1.4066696166992188e-05,0.0
2800:5f0:1000:10::2,53,2800:5f0:814:1787:f03b:d7a3:ca44:cb0f,53952,17,1,91,91,91,91,0.0,1669046179.019684,1669046179.019684,0,0,0,0,0
2800:5f0:814:1787:f03b:d7a3:ca44:cb0f,52614,2406:da00:ff00::36ec:507a,443,6,20,2128,20,296,106.4,110.91816803391588,1669046179.027209,1669046179.622787,0.5955779552459717,5.9604644775390625e-06,0.14852499961853027,0.03134620817084061,0.046716755156560166
2406:da00:ff00::36ec:507a,443,2800:5f0:814:1787:f03b:d7a3:ca44:cb0f,52614,6,11,6736,20,1440,612.3636363636364,569.6168206031574,1669046179.10097,1669046179.522125,0.4211549758911133,0.0,0.11709904670715332,0.04211549758911133,0.04693081812428432
2800:5f0:814:1787:f03b:d7a3:ca44:cb0f,55247,2800:5f0:1000:10::2,53,17,2,116,58,58,58.0,0.0,1669046179.269778,1669046179.269796,1.7881393432617188e-05,1.7881393432617188e-05,1.7881393432617188e-05,1.7881393432617188e-05,0.0
2800:5f0:814:1787:f03b:d7a3:ca44:cb0f,51035,2800:5f0:1000:10::2,53,17,2,116,58,58,58.0,0.0,1669046179.270017,1669046179.270029,1.2159347534179688e-05,1.2159347534179688e-05,1.2159347534179688e-05,1.2159347534179688e-05,0.0
2800:5f0:1000:10::2,53,2800:5f0:814:1787:f03b:d7a3:ca44:cb0f,51035,17,1,142,142,142,142,0.0,1669046179.276789,1669046179.276789,0,0,0,0,0
2800:5f0:1000:10::2,53,2800:5f0:814:1787:f03b:d7a3:ca44:cb0f,55247,17,1,186,186,186,186,0.0,1669046179.276789,1669046179.276789,0,0,0,0,0
192.168.1.5,52615,34.204.156.177,443,6,26,4760,40,549,183.07692307692307,183.14200523866782,1669046179.277603,1669046195.039099,15.76149606704712,7.867813110351562e-06,15.080934047698975,0.6304598426818848,2.9500285994559623
34.204.156.177,443,192.168.1.5,52615,6,12,7864,40,1492,655.3333333333334,616.0326470425266,1669046179.352102,1669046194.985419,15.633316993713379,0.0,15.215750932693481,1.4212106357921253,4.362395752837256
2800:5f0:814:1787:f03b:d7a3:ca44:cb0f,56855,2800:5f0:1000:10::2,53,17,2,86,43,43,43.0,0.0,1669046179.802408,1669046179.802423,1.5020370483398438e-05,1.5020370483398438e-05,1.5020370483398438e-05,1.5020370483398438e-05,0.0
2800:5f0:814:1787:f03b:d7a3:ca44:cb0f,62532,2800:5f0:1000:10::2,53,17,2,86,43,43,43.0,0.0,1669046179.802543,1669046179.802559,1.5974044799804688e-05,1.5974044799804688e-05,1.5974044799804688e-05,1.5974044799804688e-05,0.0
2800:5f0:1000:10::2,53,2800:5f0:814:1787:f03b:d7a3:ca44:cb0f,56855,17,1,91,91,91,91,0.0,1669046179.818478,1669046179.818478,0,0,0,0,0
2800:5f0:814:1787:f03b:d7a3:ca44:cb0f,62532,2800:5f0:800:10::2,53,17,2,86,43,43,43.0,0.0,1669046179.829429,1669046179.829452,2.3126602172851562e-05,2.3126602172851562e-05,2.3126602172851562e-05,2.3126602172851562e-05,0.0
2800:5f0:1000:10::2,53,2800:5f0:814:1787:f03b:d7a3:ca44:cb0f,62532,17,1,121,121,121,121,0.0,1669046179.8668,1669046179.8668,0,0,0,0,0
192.168.1.5,52616,104.192.142.13,443,6,48,31512,40,1500,656.5,664.8789363485656,1669046179.867828,1669046180.850515,0.9826869964599609,0.0,0.3134119510650635,0.020908233967233212,0.0554911189603722
104.192.142.13,443,192.168.1.5,52616,6,17,6071,40,1492,357.11764705882354,529.268183144029,1669046179.947024,1669046180.966974,1.0199499130249023,0.0,0.312716007232666,0.0637468695640564,0.0824795959789503
2800:5f0:814:1787:f03b:d7a3:ca44:cb0f,52619,2406:da00:ff00::22c0:3470,443,6,32,4010,20,543,125.3125,164.4390915924495,1669046181.955055,1669046184.42837,2.4733150005340576,4.0531158447265625e-06,1.7880938053131104,0.07978435485593734,0.31507292833061296
2406:da00:ff00::22c0:3470,443,2800:5f0:814:1787:f03b:d7a3:ca44:cb0f,52619,6,15,4331,20,1440,288.73333333333335,461.42842950511357,1669046182.037946,1669046184.42593,2.387984037399292,0.0,1.980252981185913,0.1705702883856637,0.5032377283747779
2800:5f0:814:1787:f03b:d7a3:ca44:cb0f,52620,2406:da00:ff00::36ec:507a,443,6,18,2088,20,296,116.0,112.90802549961727,1669046183.543583,1669046184.243321,0.6997380256652832,9.059906005859375e-06,0.14367890357971191,0.04116106033325195,0.055133295468703825
2406:da00:ff00::36ec:507a,443,2800:5f0:814:1787:f03b:d7a3:ca44:cb0f,52620,6,10,6716,20,1440,671.6,582.6862277418268,1669046183.64645,1669046184.13602,0.48956990242004395,0.0,0.1271829605102539,0.05439665582444933,0.05215791591207918
20.42.65.90,443,192.168.1.5,52466,6,1,40,40,40,40,0.0,1669046183.775822,1669046183.775822,0,0,0,0,0
192.168.1.5,57940,66.22.223.115,50024,17,11,996,88,102,90.54545454545455,5.39972451087909,1669046184.988985,1669046207.996582,23.007596969604492,1.5020370483398438e-05,6.9095258712768555,2.300759696960449,2.71292094598868
66.22.223.115,50024,192.168.1.5,57940,17,24,1942,80,102,80.91666666666667,4.396178896369993,1669046185.074995,1669046209.043254,23.96825885772705,0.9822900295257568,1.9626519680023193,1.042098211205524,0.1963646156699568
2800:5f0:814:1787:f03b:d7a3:ca44:cb0f,50081,2800:5f0:1000:10::2,53,17,2,84,42,42,42.0,0.0,1669046185.93336,1669046185.933378,1.7881393432617188e-05,1.7881393432617188e-05,1.7881393432617188e-05,1.7881393432617188e-05,0.0
2800:5f0:814:1787:f03b:d7a3:ca44:cb0f,57307,2800:5f0:1000:10::2,53,17,2,146,73,73,73.0,0.0,1669046185.933794,1669046185.933815,2.09808349609375e-05,2.09808349609375e-05,2.09808349609375e-05,2.09808349609375e-05,0.0
2800:5f0:814:1787:f03b:d7a3:ca44:cb0f,58614,2800:5f0:1000:10::2,53,17,2,84,42,42,42.0,0.0,1669046185.933814,1669046185.93382,5.9604644775390625e-06,5.9604644775390625e-06,5.9604644775390625e-06,5.9604644775390625e-06,0.0
2800:5f0:814:1787:f03b:d7a3:ca44:cb0f,49936,2800:5f0:1000:10::2,53,17,2,146,73,73,73.0,0.0,1669046185.934093,1669046185.93411,1.6927719116210938e-05,1.6927719116210938e-05,1.6927719116210938e-05,1.6927719116210938e-05,0.0
2800:5f0:814:1787:f03b:d7a3:ca44:cb0f,59019,2800:5f0:1000:10::2,53,17,2,152,76,76,76.0,0.0,1669046185.934093,1669046185.93411,1.6927719116210938e-05,1.6927719116210938e-05,1.6927719116210938e-05,1.6927719116210938e-05,0.0
2800:5f0:814:1787:f03b:d7a3:ca44:cb0f,63372,2800:5f0:1000:10::2,53,17,2,152,76,76,76.0,0.0,1669046185.934646,1669046185.934673,2.7179718017578125e-05,2.7179718017578125e-05,2.7179718017578125e-05,2.7179718017578125e-05,0.0
2800:5f0:1000:10::2,53,2800:5f0:814:1787:f03b:d7a3:ca44:cb0f,50081,17,1,106,106,106,106,0.0,1669046185.938534,1669046185.938534,0,0,0,0,0
2800:5f0:1000:10::2,53,2800:5f0:814:1787:f03b:d7a3:ca44:cb0f,58614,17,1,123,123,123,123,0.0,1669046185.938534,1669046185.938534,0,0,0,0,0
2800:5f0:1000:10::2,53,2800:5f0:814:1787:f03b:d7a3:ca44:cb0f,57307,17,1,121,121,121,121,0.0,1669046185.938534,1669046185.938534,0,0,0,0,0
2800:5f0:814:1787:f03b:d7a3:ca44:cb0f,49753,2800:5f0:1000:10::2,53,17,2,100,50,50,50.0,0.0,1669046185.940806,1669046185.940823,1.71661376953125e-05,1.71661376953125e-05,1.71661376953125e-05,1.71661376953125e-05,0.0
2800:5f0:814:1787:f03b:d7a3:ca44:cb0f,62758,2800:5f0:1000:10::2,53,17,2,100,50,50,50.0,0.0,1669046185.941119,1669046185.94113,1.0967254638671875e-05,1.0967254638671875e-05,1.0967254638671875e-05,1.0967254638671875e-05,0.0
2800:5f0:1000:10::2,53,2800:5f0:814:1787:f03b:d7a3:ca44:cb0f,49936,17,1,155,155,155,155,0.0,1669046185.950357,1669046185.950357,0,0,0,0,0
2800:5f0:1000:10::2,53,2800:5f0:814:1787:f03b:d7a3:ca44:cb0f,59019,17,1,124,124,124,124,0.0,1669046185.950357,1669046185.950357,0,0,0,0,0
2800:5f0:1000:10::2,53,2800:5f0:814:1787:f03b:d7a3:ca44:cb0f,63372,17,1,158,158,158,158,0.0,1669046185.950357,1669046185.950357,0,0,0,0,0
2800:5f0:1000:10::2,53,2800:5f0:814:1787:f03b:d7a3:ca44:cb0f,62758,17,1,128,128,128,128,0.0,1669046185.950357,1669046185.950357,0,0,0,0,0
2800:5f0:1000:10::2,53,2800:5f0:814:1787:f03b:d7a3:ca44:cb0f,49753,17,1,114,114,114,114,0.0,1669046185.950357,1669046185.950357,0,0,0,0,0
2800:5f0:814:1787:f03b:d7a3:ca44:cb0f,64594,2800:5f0:1000:10::2,53,17,2,132,66,66,66.0,0.0,1669046185.953201,1669046185.953222,2.09808349609375e-05,2.09808349609375e-05,2.09808349609375e-05,2.09808349609375e-05,0.0
2800:5f0:814:1787:f03b:d7a3:ca44:cb0f,54505,2800:5f0:1000:10::2,53,17,2,68,34,34,34.0,0.0,1669046185.953201,1669046185.953222,2.09808349609375e-05,2.09808349609375e-05,2.09808349609375e-05,2.09808349609375e-05,0.0
2800:5f0:814:1787:f03b:d7a3:ca44:cb0f,63916,2800:5f0:1000:10::2,53,17,2,90,45,45,45.0,0.0,1669046185.953201,1669046185.953222,2.09808349609375e-05,2.09808349609375e-05,2.09808349609375e-05,2.09808349609375e-05,0.0
2800:5f0:814:1787:f03b:d7a3:ca44:cb0f,59961,2800:5f0:1000:10::2,53,17,2,90,45,45,45.0,0.0,1669046185.953646,1669046185.953672,2.5987625122070312e-05,2.5987625122070312e-05,2.5987625122070312e-05,2.5987625122070312e-05,0.0
2800:5f0:814:1787:f03b:d7a3:ca44:cb0f,61159,2800:5f0:1000:10::2,53,17,2,132,66,66,66.0,0.0,1669046185.953666,1669046185.953684,1.811981201171875e-05,1.811981201171875e-05,1.811981201171875e-05,1.811981201171875e-05,0.0
2800:5f0:814:1787:f03b:d7a3:ca44:cb0f,62792,2800:5f0:1000:10::2,53,17,2,68,34,34,34.0,0.0,1669046185.953679,1669046185.95369,1.0967254638671875e-05,1.0967254638671875e-05,1.0967254638671875e-05,1.0967254638671875e-05,0.0
2800:5f0:1000:10::2,53,2800:5f0:814:1787:f03b:d7a3:ca44:cb0f,54505,17,1,82,82,82,82,0.0,1669046185.962374,1669046185.962374,0,0,0,0,0
2800:5f0:1000:10::2,53,2800:5f0:814:1787:f03b:d7a3:ca44:cb0f,64594,17,1,114,114,114,114,0.0,1669046185.962374,1669046185.962374,0,0,0,0,0
2800:5f0:1000:10::2,53,2800:5f0:814:1787:f03b:d7a3:ca44:cb0f,61159,17,1,148,148,148,148,0.0,1669046185.962374,1669046185.962374,0,0,0,0,0
2800:5f0:1000:10::2,53,2800:5f0:814:1787:f03b:d7a3:ca44:cb0f,63916,17,1,186,186,186,186,0.0,1669046185.962374,1669046185.962374,0,0,0,0,0
2800:5f0:1000:10::2,53,2800:5f0:814:1787:f03b:d7a3:ca44:cb0f,62792,17,1,93,93,93,93,0.0,1669046185.962374,1669046185.962374,0,0,0,0,0
2800:5f0:814:1787:f03b:d7a3:ca44:cb0f,59231,2800:5f0:1000:10::2,53,17,2,100,50,50,50.0,0.0,1669046185.964498,1669046185.964514,1.5974044799804688e-05,1.5974044799804688e-05,1.5974044799804688e-05,1.5974044799804688e-05,0.0
2800:5f0:814:1787:f03b:d7a3:ca44:cb0f,52925,2800:5f0:1000:10::2,53,17,2,168,84,84,84.0,0.0,1669046185.964509,1669046185.96452,1.0967254638671875e-05,1.0967254638671875e-05,1.0967254638671875e-05,1.0967254638671875e-05,0.0
2800:5f0:814:1787:f03b:d7a3:ca44:cb0f,61541,2800:5f0:1000:10::2,53,17,2,100,50,50,50.0,0.0,1669046185.964674,1669046185.964679,5.0067901611328125e-06,5.0067901611328125e-06,5.0067901611328125e-06,5.0067901611328125e-06,0.0
2800:5f0:814:1787:f03b:d7a3:ca44:cb0f,55853,2800:5f0:1000:10::2,53,17,2,168,84,84,84.0,0.0,1669046185.964684,1669046185.964694,1.0013580322265625e-05,1.0013580322265625e-05,1.0013580322265625e-05,1.0013580322265625e-05,0.0
2800:5f0:1000:10::2,53,2800:5f0:814:1787:f03b:d7a3:ca44:cb0f,59231,17,1,98,98,98,98,0.0,1669046185.96745,1669046185.96745,0,0,0,0,0
2800:5f0:1000:10::2,53,2800:5f0:814:1787:f03b:d7a3:ca44:cb0f,52925,17,1,192,192,192,192,0.0,1669046185.96745,1669046185.96745,0,0,0,0,0
2800:5f0:1000:10::2,53,2800:5f0:814:1787:f03b:d7a3:ca44:cb0f,55853,17,1,226,226,226,226,0.0,1669046185.973518,1669046185.973518,0,0,0,0,0
2800:5f0:814:1787:f03b:d7a3:ca44:cb0f,59249,2800:5f0:1000:10::2,53,17,2,122,61,61,61.0,0.0,1669046185.975601,1669046185.975619,1.811981201171875e-05,1.811981201171875e-05,1.811981201171875e-05,1.811981201171875e-05,0.0
2800:5f0:814:1787:f03b:d7a3:ca44:cb0f,53026,2800:5f0:1000:10::2,53,17,2,122,61,61,61.0,0.0,1669046185.975959,1669046185.975974,1.5020370483398438e-05,1.5020370483398438e-05,1.5020370483398438e-05,1.5020370483398438e-05,0.0
2800:5f0:1000:10::2,53,2800:5f0:814:1787:f03b:d7a3:ca44:cb0f,59249,17,1,109,109,109,109,0.0,1669046185.980441,1669046185.980441,0,0,0,0,0
2800:5f0:1000:10::2,53,2800:5f0:814:1787:f03b:d7a3:ca44:cb0f,53026,17,1,143,143,143,143,0.0,1669046185.980441,1669046185.980441,0,0,0,0,0
2800:5f0:814:1787:f03b:d7a3:ca44:cb0f,59961,2800:5f0:800:10::2,53,17,2,90,45,45,45.0,0.0,1669046185.982428,1669046185.982449,2.09808349609375e-05,2.09808349609375e-05,2.09808349609375e-05,2.09808349609375e-05,0.0
2800:5f0:814:1787:f03b:d7a3:ca44:cb0f,64596,2800:5f0:1000:10::2,53,17,2,90,45,45,45.0,0.0,1669046185.983965,1669046185.983986,2.09808349609375e-05,2.09808349609375e-05,2.09808349609375e-05,2.09808349609375e-05,0.0
2800:5f0:814:1787:f03b:d7a3:ca44:cb0f,54209,2800:5f0:1000:10::2,53,17,2,90,45,45,45.0,0.0,1669046185.984851,1669046185.984873,2.2172927856445312e-05,2.2172927856445312e-05,2.2172927856445312e-05,2.2172927856445312e-05,0.0
2800:5f0:814:1787:f03b:d7a3:ca44:cb0f,61541,2800:5f0:800:10::2,53,17,2,100,50,50,50.0,0.0,1669046185.998162,1669046185.998175,1.2874603271484375e-05,1.2874603271484375e-05,1.2874603271484375e-05,1.2874603271484375e-05,0.0
2800:5f0:1000:10::2,53,2800:5f0:814:1787:f03b:d7a3:ca44:cb0f,59961,17,1,346,346,346,346,0.0,1669046186.00379,1669046186.00379,0,0,0,0,0
2800:5f0:814:1787:f03b:d7a3:ca44:cb0f,53655,2800:5f0:1000:10::2,53,17,2,108,54,54,54.0,0.0,1669046186.006671,1669046186.006699,2.8133392333984375e-05,2.8133392333984375e-05,2.8133392333984375e-05,2.8133392333984375e-05,0.0
2800:5f0:814:1787:f03b:d7a3:ca44:cb0f,59602,2800:5f0:1000:10::2,53,17,2,108,54,54,54.0,0.0,1669046186.006845,1669046186.006861,1.5974044799804688e-05,1.5974044799804688e-05,1.5974044799804688e-05,1.5974044799804688e-05,0.0
2800:5f0:814:1787:f03b:d7a3:ca44:cb0f,54209,2800:5f0:800:10::2,53,17,2,90,45,45,45.0,0.0,1669046186.013296,1669046186.013322,2.6226043701171875e-05,2.6226043701171875e-05,2.6226043701171875e-05,2.6226043701171875e-05,0.0
2800:5f0:814:1787:f03b:d7a3:ca44:cb0f,64596,2800:5f0:800:10::2,53,17,2,90,45,45,45.0,0.0,1669046186.013353,1669046186.013361,7.867813110351562e-06,7.867813110351562e-06,7.867813110351562e-06,7.867813110351562e-06,0.0
2800:5f0:1000:10::2,53,2800:5f0:814:1787:f03b:d7a3:ca44:cb0f,59602,17,1,138,138,138,138,0.0,1669046186.016068,1669046186.016068,0,0,0,0,0
2800:5f0:1000:10::2,53,2800:5f0:814:1787:f03b:d7a3:ca44:cb0f,53655,17,1,102,102,102,102,0.0,1669046186.016068,1669046186.016068,0,0,0,0,0
2800:5f0:1000:10::2,53,2800:5f0:814:1787:f03b:d7a3:ca44:cb0f,61541,17,1,128,128,128,128,0.0,1669046186.016068,1669046186.016068,0,0,0,0,0
2800:5f0:1000:10::2,53,2800:5f0:814:1787:f03b:d7a3:ca44:cb0f,54209,17,1,312,312,312,312,0.0,1669046186.045544,1669046186.045544,0,0,0,0,0
2800:5f0:1000:10::2,53,2800:5f0:814:1787:f03b:d7a3:ca44:cb0f,64596,17,1,152,152,152,152,0.0,1669046186.045544,1669046186.045544,0,0,0,0,0
2800:5f0:814:1787:f03b:d7a3:ca44:cb0f,50764,2800:5f0:1000:10::2,53,17,2,78,39,39,39.0,0.0,1669046186.142946,1669046186.142962,1.5974044799804688e-05,1.5974044799804688e-05,1.5974044799804688e-05,1.5974044799804688e-05,0.0
2800:5f0:814:1787:f03b:d7a3:ca44:cb0f,54336,2800:5f0:1000:10::2,53,17,2,78,39,39,39.0,0.0,1669046186.14316,1669046186.143169,8.821487426757812e-06,8.821487426757812e-06,8.821487426757812e-06,8.821487426757812e-06,0.0
2800:5f0:1000:10::2,53,2800:5f0:814:1787:f03b:d7a3:ca44:cb0f,50764,17,1,71,71,71,71,0.0,1669046186.148275,1669046186.148275,0,0,0,0,0
2800:5f0:814:1787:f03b:d7a3:ca44:cb0f,54336,2800:5f0:800:10::2,53,17,2,78,39,39,39.0,0.0,1669046186.171256,1669046186.17128,2.384185791015625e-05,2.384185791015625e-05,2.384185791015625e-05,2.384185791015625e-05,0.0
2800:5f0:1000:10::2,53,2800:5f0:814:1787:f03b:d7a3:ca44:cb0f,54336,17,1,121,121,121,121,0.0,1669046186.213255,1669046186.213255,0,0,0,0,0
192.168.1.5,52621,54.175.191.203,443,6,16,5040,40,826,315.0,330.186689616647,1669046186.214254,1669046186.579847,0.36559319496154785,5.9604644775390625e-06,0.1187281608581543,0.02437287966410319,0.03928280419398225
54.175.191.203,443,192.168.1.5,52621,6,14,6327,40,1492,451.92857142857144,568.3901406963498,1669046186.290553,1669046186.698452,0.4078989028930664,0.0,0.155472993850708,0.03137683868408203,0.05017142817875784
2800:5f0:814:1787:f03b:d7a3:ca44:cb0f,52624,2406:da00:ff00::22c0:3470,443,6,38,4262,20,543,112.15789473684211,155.84785534815842,1669046186.566345,1669046189.507631,2.941286087036133,1.9073486328125e-06,1.691127061843872,0.07949421856854413,0.2827747112881738
2406:da00:ff00::22c0:3470,443,2800:5f0:814:1787:f03b:d7a3:ca44:cb0f,52624,6,18,5359,20,1440,297.72222222222223,488.0002055504526,1669046186.644307,1669046189.507444,2.8631370067596436,0.0,1.8596069812774658,0.16841982392703786,0.44796850878928207
2800:5f0:814:1787:f03b:d7a3:ca44:cb0f,52625,2406:da00:ff00::36ec:507a,443,6,18,2088,20,296,116.0,112.90802549961727,1669046188.103322,1669046188.722206,0.6188840866088867,9.059906005859375e-06,0.1392221450805664,0.03640494627111098,0.04937910750718841
2406:da00:ff00::36ec:507a,443,2800:5f0:814:1787:f03b:d7a3:ca44:cb0f,52625,6,10,6687,20,1440,668.7,594.871423082333,1669046188.186637,1669046188.624688,0.4380509853363037,0.0,0.12065696716308594,0.04867233170403375,0.05119541230295048
2800:5f0:814:1787:f03b:d7a3:ca44:cb0f,49476,2800:5f0:1000:10::2,53,17,2,102,51,51,51.0,0.0,1669046188.808791,1669046188.808814,2.3126602172851562e-05,2.3126602172851562e-05,2.3126602172851562e-05,2.3126602172851562e-05,0.0
2800:5f0:814:1787:f03b:d7a3:ca44:cb0f,64259,2800:5f0:1000:10::2,53,17,2,102,51,51,51.0,0.0,1669046188.809155,1669046188.809172,1.6927719116210938e-05,1.6927719116210938e-05,1.6927719116210938e-05,1.6927719116210938e-05,0.0
2800:5f0:814:1787:f03b:d7a3:ca44:cb0f,64259,2800:5f0:800:10::2,53,17,2,102,51,51,51.0,0.0,1669046188.844251,1669046188.844271,2.002716064453125e-05,2.002716064453125e-05,2.002716064453125e-05,2.002716064453125e-05,0.0
2800:5f0:814:1787:f03b:d7a3:ca44:cb0f,49476,2800:5f0:800:10::2,53,17,2,102,51,51,51.0,0.0,1669046188.844278,1669046188.844292,1.3828277587890625e-05,1.3828277587890625e-05,1.3828277587890625e-05,1.3828277587890625e-05,0.0
2800:5f0:1000:10::2,53,2800:5f0:814:1787:f03b:d7a3:ca44:cb0f,64259,17,1,79,79,79,79,0.0,1669046188.881851,1669046188.881851,0,0,0,0,0
2800:5f0:1000:10::2,53,2800:5f0:814:1787:f03b:d7a3:ca44:cb0f,49476,17,1,67,67,67,67,0.0,1669046188.899893,1669046188.899893,0,0,0,0,0
2800:5f0:814:1787:f03b:d7a3:ca44:cb0f,51343,2800:3f0:4005:405::200e,443,17,32,12334,41,1238,385.4375,500.80297632277507,1669046188.901298,1669046189.61806,0.7167620658874512,2.86102294921875e-06,0.34024596214294434,0.023121356964111328,0.06677084173928885
2800:3f0:4005:405::200e,443,2800:5f0:814:1787:f03b:d7a3:ca44:cb0f,51343,17,15,9953,33,1238,663.5333333333333,538.9312716437557,1669046188.995071,1669046189.730252,0.7351810932159424,0.0,0.3653409481048584,0.05251293522971017,0.09682949112233111
2800:5f0:814:1787:f03b:d7a3:ca44:cb0f,61402,2800:5f0:1000:10::2,53,17,2,78,39,39,39.0,0.0,1669046191.584907,1669046191.584925,1.7881393432617188e-05,1.7881393432617188e-05,1.7881393432617188e-05,1.7881393432617188e-05,0.0
2800:5f0:814:1787:f03b:d7a3:ca44:cb0f,61402,2800:5f0:800:10::2,53,17,2,78,39,39,39.0,0.0,1669046191.621505,1669046191.621529,2.4080276489257812e-05,2.4080276489257812e-05,2.4080276489257812e-05,2.4080276489257812e-05,0.0
2800:5f0:1000:10::2,53,2800:5f0:814:1787:f03b:d7a3:ca44:cb0f,61402,17,1,207,207,207,207,0.0,1669046191.639167,1669046191.639167,0,0,0,0,0
2800:5f0:814:1787:f03b:d7a3:ca44:cb0f,52628,2406:da00:ff00::22c0:3470,443,6,38,4172,20,543,109.78947368421052,155.0322815101723,1669046191.641984,1669046194.552464,2.91048002243042,1.9073486328125e-06,1.6160049438476562,0.07866162222784918,0.275423498135483
2406:da00:ff00::22c0:3470,443,2800:5f0:814:1787:f03b:d7a3:ca44:cb0f,52628,6,20,7990,20,1440,399.5,560.707722436565,1669046191.715581,1669046194.552304,2.8367230892181396,0.0,1.798577070236206,0.14930121522200734,0.41643893128612625
2800:5f0:814:1787:f03b:d7a3:ca44:cb0f,52629,2406:da00:ff00::36ec:507a,443,6,20,2128,20,296,106.4,110.91816803391588,1669046193.09418,1669046193.721787,0.6276068687438965,5.9604644775390625e-06,0.17179608345031738,0.03303194046020508,0.05039108289188497
2406:da00:ff00::36ec:507a,443,2800:5f0:814:1787:f03b:d7a3:ca44:cb0f,52629,6,11,6735,20,1440,612.2727272727273,582.0334402934549,1669046193.171412,1669046193.625034,0.45362210273742676,0.0,0.12157201766967773,0.045362210273742674,0.048459514180269246
2800:5f0:814:1787:f03b:d7a3:ca44:cb0f,54158,2800:5f0:1000:10::2,53,17,2,98,49,49,49.0,0.0,1669046194.364655,1669046194.36467,1.5020370483398438e-05,1.5020370483398438e-05,1.5020370483398438e-05,1.5020370483398438e-05,0.0
2800:5f0:1000:10::2,53,2800:5f0:814:1787:f03b:d7a3:ca44:cb0f,54158,17,1,65,65,65,65,0.0,1669046194.374885,1669046194.374885,0,0,0,0,0
2800:5f0:814:1787:f03b:d7a3:ca44:cb0f,64594,2800:3f0:4005:40b::200e,443,17,16,4166,41,1238,260.375,398.28003260896725,1669046194.376295,1669046194.640056,0.2637608051300049,5.0067901611328125e-06,0.1602020263671875,0.01758405367533366,0.04111332343312706
2800:3f0:4005:40b::200e,443,2800:5f0:814:1787:f03b:d7a3:ca44:cb0f,64594,17,10,4030,33,1238,403.0,468.338339237778,1669046194.492128,1669046194.736562,0.24443411827087402,0.0,0.09694695472717285,0.02715934647454156,0.03351184717137382
2800:5f0:814:1787:f03b:d7a3:ca44:cb0f,52632,2406:da00:ff00::22c0:3470,443,6,38,4256,20,543,112.0,155.7876422367455,1669046196.699241,1669046199.708504,3.009263038635254,3.814697265625e-06,1.7058279514312744,0.08133143347662848,0.28680836551812944
2406:da00:ff00::22c0:3470,443,2800:5f0:814:1787:f03b:d7a3:ca44:cb0f,52632,6,19,5170,20,1440,272.10526315789474,459.0188500586237,1669046196.782755,1669046199.721397,2.9386420249938965,0.0,1.8783910274505615,0.1632578902774387,0.4425464454590018
2800:5f0:814:1787:f03b:d7a3:ca44:cb0f,61186,2800:5f0:1000:10::2,53,17,2,86,43,43,43.0,0.0,1669046198.169807,1669046198.169822,1.5020370483398438e-05,1.5020370483398438e-05,1.5020370483398438e-05,1.5020370483398438e-05,0.0
2800:5f0:814:1787:f03b:d7a3:ca44:cb0f,61186,2800:5f0:800:10::2,53,17,2,86,43,43,43.0,0.0,1669046198.196878,1669046198.196911,3.314018249511719e-05,3.314018249511719e-05,3.314018249511719e-05,3.314018249511719e-05,0.0
2800:5f0:1000:10::2,53,2800:5f0:814:1787:f03b:d7a3:ca44:cb0f,61186,17,1,127,127,127,127,0.0,1669046198.223657,1669046198.223657,0,0,0,0,0
2800:5f0:814:1787:f03b:d7a3:ca44:cb0f,52633,2406:da00:ff00::1714:aa06,443,6,18,2088,20,296,116.0,112.90802549961727,1669046198.232209,1669046198.885326,0.6531169414520264,5.9604644775390625e-06,0.16849684715270996,0.03841864361482508,0.053476329495559076
2406:da00:ff00::1714:aa06,443,2800:5f0:814:1787:f03b:d7a3:ca44:cb0f,52633,6,10,6713,20,1440,671.3,595.7130265488577,1669046198.307027,1669046198.783326,0.47629880905151367,0.0,0.11867308616638184,0.05292208989461263,0.051125236345309605
2800:5f0:814:1787:f03b:d7a3:ca44:cb0f,52636,2406:da00:ff00::22c0:3470,443,6,36,3906,20,543,108.5,159.12058669798546,1669046201.786062,1669046202.952144,1.1660819053649902,3.814697265625e-06,0.5680680274963379,0.03331662586757115,0.09829288307748003
2406:da00:ff00::22c0:3470,443,2800:5f0:814:1787:f03b:d7a3:ca44:cb0f,52636,6,17,5789,20,1440,340.52941176470586,518.296430926761,1669046201.882197,1669046202.951997,1.0698001384735107,0.0,0.6441869735717773,0.06686250865459442,0.1534168615828997
2800:5f0:814:1787:f03b:d7a3:ca44:cb0f,52639,2406:da00:ff00::22c0:3470,443,6,42,4113,20,543,97.92857142857143,150.5033448223696,1669046205.056073,1669046208.311475,3.255402088165283,1.9073486328125e-06,1.6220200061798096,0.07940005093086057,0.26869428654812777
2406:da00:ff00::22c0:3470,443,2800:5f0:814:1787:f03b:d7a3:ca44:cb0f,52639,6,109,134155,20,1440,1230.7798165137615,487.3820978630601,1669046205.128905,1669046208.313898,3.184993028640747,0.0,1.8010258674621582,0.029490676191118028,0.1878699002917
2800:5f0:814:1787:f03b:d7a3:ca44:cb0f,58540,2800:5f0:1000:10::2,53,17,2,112,56,56,56.0,0.0,1669046205.18196,1669046205.181978,1.7881393432617188e-05,1.7881393432617188e-05,1.7881393432617188e-05,1.7881393432617188e-05,0.0
2800:5f0:1000:10::2,53,2800:5f0:814:1787:f03b:d7a3:ca44:cb0f,58540,17,1,133,133,133,133,0.0,1669046205.184957,1669046205.184957,0,0,0,0,0
192.168.1.5,52640,151.101.1.195,443,6,16,3434,40,828,214.625,285.2248838635928,1669046205.186712,1669046205.560109,0.3733968734741211,5.9604644775390625e-06,0.15932607650756836,0.02489312489827474,0.04163621241654758
151.101.1.195,443,192.168.1.5,52640,6,13,8539,40,1492,656.8461538461538,672.6411600381846,1669046205.235839,1669046205.562688,0.32684922218322754,0.0,0.09873294830322266,0.027237435181935627,0.03348046720715968
2800:5f0:814:1787:f03b:d7a3:ca44:cb0f,52641,2406:da00:ff00::1714:aa06,443,6,10,1076,20,296,107.6,110.03835694883853,1669046206.484019,1669046207.108984,0.6249649524688721,1.5974044799804688e-05,0.16292595863342285,0.06944055027431911,0.05226503133416053
2406:da00:ff00::1714:aa06,443,2800:5f0:814:1787:f03b:d7a3:ca44:cb0f,52641,6,10,6714,20,1440,671.4,595.8760273748223,1669046206.558161,1669046207.00896,0.45079898834228516,0.0,0.12402796745300293,0.05008877648247613,0.04974191511000261
