src_ip,src_port,dst_ip,dst_port,proto,pktTotalCount,octetTotalCount,min_ps,max_ps,avg_ps,std_dev_ps,flowStart,flowEnd,flowDuration,min_piat,max_piat,avg_piat,std_dev_piat,f_pktTotalCount,f_octetTotalCount,f_min_ps,f_max_ps,f_avg_ps,f_std_dev_ps,f_flowStart,f_flowEnd,f_flowDuration,f_min_piat,f_max_piat,f_avg_piat,f_std_dev_piat,b_pktTotalCount,b_octetTotalCount,b_min_ps,b_max_ps,b_avg_ps,b_std_dev_ps,b_flowStart,b_flowEnd,b_flowDuration,b_min_piat,b_max_piat,b_avg_piat,b_std_dev_piat
,,,,,,,,,,,,,,,,,,,,,,,,,,,,,,,,,,,,,,,,,,,
66.22.223.115,50024,192.168.1.5,52732,17,52,4224,80,88,81.23076923,2.886409698,1669046143,1669046186,43.00789285,0.012485027,1.034981966,0.843292017,0.298294013,44,3520,80,80,80,0,1669046143,1669046186,43.00789285,0.961468935,1.034981966,1.000183555,0.009237218,8,704,88,88,88,0,1669046148,1669046184,35.32618117,3.928225994,6.127389908,5.04659731,0.752810292
,,,,,,,,,,,,,,,,,,,,,,,,,,,,,,,,,,,,,,,,,,,
54.175.191.203,443,192.168.1.5,51399,6,12,506,40,52,42.16666667,4.412734098,1669046144,1669046205,61.4399271,5.60E-05,20.46943903,5.585447918,7.528662476,6,264,40,52,44,5.656854249,1669046144,1669046205,61.43987107,2.800925016,20.46953583,12.28797421,6.577700697,6,242,40,41,40.33333333,0.471404521,1669046144,1669046205,61.43969417,2.876721144,20.46955514,12.28793883,6.528867423
,,,,,,,,,,,,,,,,,,,,,,,,,,,,,,,,,,,,,,,,,,,
2800:5f0:814:1787:f03b:d7a3:ca44:cb0f,52249,2800:3f0:4005:401::2004,443,6,14,1496,20,676,106.8571429,181.5622117,1669046144,1669046189,44.75235987,0,44.31109095,3.442489221,11.7978223,6,559,20,380,93.16666667,129.4364924,1669046144,1669046189,44.6540339,0.00352788,44.40780497,8.93080678,17.73858101,8,937,20,676,117.125,211.8421803,1669046144,1669046189,44.65564585,0,44.40629792,6.379377978,15.52452118
,,,,,,,,,,,,,,,,,,,,,,,,,,,,,,,,,,,,,,,,,,,
2800:5f0:814:1787:f03b:d7a3:ca44:cb0f,52532,2800:3f0:4005:404::200e,443,6,4,106,21,32,26.5,5.5,1669046144,1669046190,45.18650293,0.086766005,45.00591397,15.06216764,21.17342628,2,42,21,21,21,0,1669046144,1669046189,45.09973693,45.09973693,45.09973693,45.09973693,0,2,64,32,32,32,0,1669046144,1669046190,45.09267998,45.09267998,45.09267998,45.09267998,0
,,,,,,,,,,,,,,,,,,,,,,,,,,,,,,,,,,,,,,,,,,,
2800:5f0:814:1787:f03b:d7a3:ca44:cb0f,52299,2800:3f0:4005:40a::200e,443,6,4,106,21,32,26.5,5.5,1669046145,1669046190,45.19302988,0.092474937,45.00647211,15.06434329,21.17228234,2,42,21,21,21,0,1669046145,1669046190,45.10055494,45.10055494,45.10055494,45.10055494,0,2,64,32,32,32,0,1669046145,1669046190,45.09894705,45.09894705,45.09894705,45.09894705,0
,,,,,,,,,,,,,,,,,,,,,,,,,,,,,,,,,,,,,,,,,,,
2800:5f0:814:1787:f03b:d7a3:ca44:cb0f,52581,2406:da00:ff00::22c0:3470,443,6,39,8119,20,1440,208.1794872,379.6208548,1669046145,1669046147,2.850143909,0,1.629412889,0.075003787,0.271966055,19,2080,20,543,109.4736842,154.9378036,1669046145,1669046147,2.849516869,3.39E-05,1.629412889,0.158306493,0.379034663,20,6039,20,1440,301.95,490.0656563,1669046145,1669046147,2.774363995,0,1.789973974,0.146019158,0.412659021
,,,,,,,,,,,,,,,,,,,,,,,,,,,,,,,,,,,,,,,,,,,
2800:5f0:814:1787:f03b:d7a3:ca44:cb0f,59384,2800:5f0:1000:10::2,53,17,2,189,56,133,94.5,38.5,1669046145,1669046145,0.006288052,0.006288052,0.006288052,0.006288052,0,1,56,56,56,56,0,1669046145,1669046145,0,0,0,0,0,1,133,133,133,133,0,1669046145,1669046145,0,0,0,0,0
,,,,,,,,,,,,,,,,,,,,,,,,,,,,,,,,,,,,,,,,,,,
192.168.1.5,52582,151.101.1.195,443,6,21,10256,40,1492,488.3809524,597.6585644,1669046145,1669046145,0.409847975,0,0.128391981,0.020492399,0.032888046,8,1717,40,828,214.625,285.2248839,1669046145,1669046145,0.409847975,0.003653049,0.177037001,0.058549711,0.052337101,13,8539,40,1492,656.8461538,672.64116,1669046145,1669046145,0.352843046,0,0.128391981,0.029403587,0.039168531
,,,,,,,,,,,,,,,,,,,,,,,,,,,,,,,,,,,,,,,,,,,
2800:5f0:814:1787:f03b:d7a3:ca44:cb0f,52497,2620:1ec:a92::175,443,6,4,106,21,32,26.5,5.5,1669046145,1669046190,45.11993289,0.047292948,45.00853109,15.03997763,21.19096849,2,42,21,21,21,0,1669046145,1669046190,45.07263994,45.07263994,45.07263994,45.07263994,0,2,64,32,32,32,0,1669046145,1669046190,45.05582404,45.05582404,45.05582404,45.05582404,0
,,,,,,,,,,,,,,,,,,,,,,,,,,,,,,,,,,,,,,,,,,,
2800:5f0:814:1787:f03b:d7a3:ca44:cb0f,58386,2800:5f0:1000:10::2,53,17,2,291,49,242,145.5,96.5,1669046145,1669046145,0.00548315,0.00548315,0.00548315,0.00548315,0,1,49,49,49,49,0,1669046145,1669046145,0,0,0,0,0,1,242,242,242,242,0,1669046145,1669046145,0,0,0,0,0
,,,,,,,,,,,,,,,,,,,,,,,,,,,,,,,,,,,,,,,,,,,
2800:5f0:814:1787:f03b:d7a3:ca44:cb0f,64252,2800:5f0:1000:10::2,53,17,2,247,49,198,123.5,74.5,1669046145,1669046145,0.005277872,0.005277872,0.005277872,0.005277872,0,1,49,49,49,49,0,1669046145,1669046145,0,0,0,0,0,1,198,198,198,198,0,1669046145,1669046145,0,0,0,0,0
,,,,,,,,,,,,,,,,,,,,,,,,,,,,,,,,,,,,,,,,,,,
192.168.1.5,52583,44.211.12.112,443,6,22,10050,40,1492,456.8181818,551.4945509,1669046145,1669046156,10.41073799,0,9.998706818,0.495749428,2.12517831,9,1937,40,670,215.2222222,249.4873757,1669046145,1669046156,10.41073799,0.004981041,9.998886824,1.301342249,3.287519846,13,8113,40,1492,624.0769231,635.0059311,1669046146,1669046156,10.32809711,0,9.998835802,0.860674759,2.755504611
,,,,,,,,,,,,,,,,,,,,,,,,,,,,,,,,,,,,,,,,,,,
192.168.1.4,5353,224.0.0.251,5353,17,4,356,89,89,89,0,1669046146,1669046206,60.00376296,19.9969759,20.00439811,20.00125432,0.003134522,4,356,89,89,89,0,1669046146,1669046206,60.00376296,19.9969759,20.00439811,20.00125432,0.003134522,0,0,0,0,0,0,0,0,0,0,0,0,0
,,,,,,,,,,,,,,,,,,,,,,,,,,,,,,,,,,,,,,,,,,,
2800:5f0:814:1787:f03b:d7a3:ca44:cb0f,52487,2800:3f0:4005:401::2004,443,6,14,1318,20,672,94.14285714,166.8895516,1669046146,1669046191,45.43155694,1.91E-06,45.00353193,3.494735149,11.98262782,6,385,20,206,64.16666667,65.74551104,1669046146,1669046191,45.34623694,0.002038002,45.09503508,9.069247389,18.01297544,8,933,20,672,116.625,210.5231208,1669046146,1669046191,45.34770489,1.91E-06,45.08885193,6.478243555,15.76282125
,,,,,,,,,,,,,,,,,,,,,,,,,,,,,,,,,,,,,,,,,,,
2800:5f0:814:1787:f03b:d7a3:ca44:cb0f,53696,2800:5f0:1000:10::2,53,17,2,218,45,173,109,64,1669046146,1669046146,0.026134968,0.026134968,0.026134968,0.026134968,0,1,45,45,45,45,0,1669046146,1669046146,0,0,0,0,0,1,173,173,173,173,0,1669046146,1669046146,0,0,0,0,0
,,,,,,,,,,,,,,,,,,,,,,,,,,,,,,,,,,,,,,,,,,,
2800:5f0:814:1787:f03b:d7a3:ca44:cb0f,57955,2800:5f0:1000:10::2,53,17,2,168,45,123,84,39,1669046146,1669046146,0.02603507,0.02603507,0.02603507,0.02603507,0,1,45,45,45,45,0,1669046146,1669046146,0,0,0,0,0,1,123,123,123,123,0,1669046146,1669046146,0,0,0,0,0
,,,,,,,,,,,,,,,,,,,,,,,,,,,,,,,,,,,,,,,,,,,
192.168.1.5,52584,54.86.105.5,443,6,23,11365,40,1492,494.1304348,585.2229084,1669046146,1669046156,10.418046,0,9.994632959,0.473547545,2.077951716,9,2007,40,746,223,265.1414717,1669046146,1669046156,10.418046,0.003803968,9.994884014,1.30225575,3.285681749,14,9358,40,1492,668.4285714,663.1931107,1669046146,1669046156,10.34549999,0,9.994829893,0.795807692,2.65582644
,,,,,,,,,,,,,,,,,,,,,,,,,,,,,,,,,,,,,,,,,,,
54.175.191.203,443,192.168.1.5,52385,6,10,444,40,71,44.4,9.551963149,1669046146,1669046183,37.10798693,4.05E-06,19.09361887,4.123109659,6.927677292,5,243,40,71,48.6,12.12600511,1669046146,1669046183,37.10765195,4.05E-06,19.16580582,9.276912987,7.85237885,5,201,40,41,40.2,0.4,1669046146,1669046183,37.10784197,0.110624075,19.09361887,9.276960492,7.764892887
,,,,,,,,,,,,,,,,,,,,,,,,,,,,,,,,,,,,,,,,,,,
2800:5f0:814:1787:f03b:d7a3:ca44:cb0f,52585,2406:da00:ff00::36ec:507a,443,6,19,7758,20,1440,408.3157895,519.4423176,1669046146,1669046147,0.620633841,9.54E-07,0.115934134,0.034479658,0.043713557,9,1044,20,296,116,112.9080255,1669046146,1669046147,0.620633841,0.003562927,0.137719154,0.07757923,0.044620089,10,6714,20,1440,671.4,595.8760274,1669046146,1669046147,0.443904161,9.54E-07,0.118690014,0.049322685,0.051153113
,,,,,,,,,,,,,,,,,,,,,,,,,,,,,,,,,,,,,,,,,,,
54.175.191.203,443,192.168.1.5,61462,6,10,426,40,52,42.6,4.715930449,1669046146,1669046202,55.716079,0.000154972,20.47703505,6.190675444,7.443145529,5,224,40,52,44.8,5.878775383,1669046146,1669046202,55.716079,9.841433048,20.47719002,13.92901975,4.216762387,5,202,40,41,40.4,0.489897949,1669046146,1669046202,55.64305091,9.913297892,20.47722507,13.91076273,4.210214592
,,,,,,,,,,,,,,,,,,,,,,,,,,,,,,,,,,,,,,,,,,,
192.168.1.5,52284,151.101.4.157,443,6,4,186,41,52,46.5,5.5,1669046148,1669046193,45.13097,0.048897982,45.00897813,15.04365667,21.18868431,2,82,41,41,41,0,1669046148,1669046193,45.08207202,45.08207202,45.08207202,45.08207202,0,2,104,52,52,52,0,1669046148,1669046193,45.05787611,45.05787611,45.05787611,45.05787611,0
,,,,,,,,,,,,,,,,,,,,,,,,,,,,,,,,,,,,,,,,,,,
192.168.1.5,52289,104.244.43.131,443,6,4,186,41,52,46.5,5.5,1669046148,1669046193,45.12077498,0.053850889,45.00305319,15.04025833,21.18689582,2,82,41,41,41,0,1669046148,1669046193,45.0669241,45.0669241,45.0669241,45.0669241,0,2,104,52,52,52,0,1669046148,1669046193,45.05690408,45.05690408,45.05690408,45.05690408,0
,,,,,,,,,,,,,,,,,,,,,,,,,,,,,,,,,,,,,,,,,,,
192.168.1.5,57959,239.255.255.250,1900,17,4,812,203,203,203,0,1669046148,1669046151,3.040256023,1.007424116,1.020149946,1.013418674,0.00522135,4,812,203,203,203,0,1669046148,1669046151,3.040256023,1.007424116,1.020149946,1.013418674,0.00522135,0,0,0,0,0,0,0,0,0,0,0,0,0
,,,,,,,,,,,,,,,,,,,,,,,,,,,,,,,,,,,,,,,,,,,
54.175.191.203,443,192.168.1.5,61458,6,10,426,40,52,42.6,4.715930449,1669046148,1669046202,53.90258789,0.00019598,22.52577019,5.989176432,7.644005632,5,224,40,52,44.8,5.878775383,1669046148,1669046202,53.90258789,8.822540045,22.52597117,13.47564697,5.588653196,5,202,40,41,40.4,0.489897949,1669046148,1669046202,53.828192,8.749452829,22.52596617,13.457048,5.620195363
,,,,,,,,,,,,,,,,,,,,,,,,,,,,,,,,,,,,,,,,,,,
2800:5f0:814:1787:f03b:d7a3:ca44:cb0f,54907,2800:3f0:4005:40b::200e,443,17,19,1152,33,272,60.63157895,53.84598947,1669046149,1669046195,45.96741581,2.86E-06,14.98002195,2.553745323,4.754573787,9,602,41,272,66.88888889,72.52041007,1669046149,1669046195,45.84906197,0.039611101,14.98002195,5.731132746,5.761833024,10,550,33,93,55,26.61954169,1669046149,1669046195,45.84819388,2.86E-06,15.1227262,5.094243765,5.767159782
,,,,,,,,,,,,,,,,,,,,,,,,,,,,,,,,,,,,,,,,,,,
2800:5f0:814:1787:f03b:d7a3:ca44:cb0f,61384,2607:f8b0:400c:c02::bc,5228,6,4,106,21,32,26.5,5.5,1669046149,1669046195,45.13327718,0.060599089,45.0112071,15.04442573,21.18971433,2,42,21,21,21,0,1669046149,1669046194,45.07267809,45.07267809,45.07267809,45.07267809,0,2,64,32,32,32,0,1669046149,1669046195,45.07180619,45.07180619,45.07180619,45.07180619,0
,,,,,,,,,,,,,,,,,,,,,,,,,,,,,,,,,,,,,,,,,,,
192.168.1.5,52330,104.192.142.12,443,6,7,356,40,79,50.85714286,14.22702229,1669046149,1669046179,29.49026895,2.86E-06,29.33700109,4.915044824,10.9218808,3,121,40,41,40.33333333,0.471404521,1669046149,1669046179,29.49026895,0.077321053,29.41294789,14.74513447,14.66781342,4,235,40,79,58.75,14.44602021,1669046150,1669046179,29.41651201,2.86E-06,29.33700109,9.805504004,13.81089217
,,,,,,,,,,,,,,,,,,,,,,,,,,,,,,,,,,,,,,,,,,,
2800:5f0:814:1787:f03b:d7a3:ca44:cb0f,52588,2406:da00:ff00::22c0:3470,443,6,38,8539,20,1440,224.7105263,397.3173137,1669046150,1669046152,2.955647945,0,1.671279907,0.079882377,0.28197655,19,2080,20,543,109.4736842,154.9378036,1669046150,1669046152,2.954586029,2.31E-05,1.671279907,0.164143668,0.38770953,19,6459,20,1440,339.9473684,514.9342803,1669046150,1669046152,2.879659891,0,1.849253893,0.159981105,0.435629338
,,,,,,,,,,,,,,,,,,,,,,,,,,,,,,,,,,,,,,,,,,,
54.175.191.203,443,192.168.1.5,61457,6,10,426,40,52,42.6,4.715930449,1669046150,1669046202,51.75683808,9.61E-05,22.51585293,5.750759787,7.806136568,5,224,40,52,44.8,5.878775383,1669046150,1669046202,51.75683808,6.676702976,22.51594901,12.93920952,6.676284443,5,202,40,41,40.4,0.489897949,1669046150,1669046202,51.68390894,6.604888916,22.51594996,12.92097723,6.718129514
,,,,,,,,,,,,,,,,,,,,,,,,,,,,,,,,,,,,,,,,,,,
192.168.1.5,55926,162.159.130.235,443,6,20,1390,40,101,69.5,29.53387885,1669046151,1669046206,55.14446402,0.002835989,13.6178019,2.902340211,5.530981681,10,705,40,101,70.5,30.5,1669046151,1669046206,55.14446402,0.131933928,13.6178019,6.127162668,6.695454789,10,685,40,97,68.5,28.5,1669046151,1669046206,55.07383895,0.077013969,13.67218304,6.119315439,6.750828653
,,,,,,,,,,,,,,,,,,,,,,,,,,,,,,,,,,,,,,,,,,,
192.168.1.5,52904,54.90.223.72,443,6,29,1988,40,96,68.55172414,27.59258547,1669046151,1669046201,50.137573,3.10E-06,9.878633022,1.790627607,3.317907966,15,1092,40,96,72.8,26.79104328,1669046151,1669046201,50.137573,0.122541904,9.878633022,3.581255215,3.958851393,14,896,40,96,64,27.71281292,1669046151,1669046201,50.02143598,3.10E-06,10.00056815,3.847802767,4.092433973
,,,,,,,,,,,,,,,,,,,,,,,,,,,,,,,,,,,,,,,,,,,
2800:5f0:814:1787:f03b:d7a3:ca44:cb0f,52589,2406:da00:ff00::36ec:507a,443,6,21,7797,20,1440,371.2857143,496.9716043,1669046151,1669046152,0.613609076,0,0.117293835,0.030680454,0.041466343,10,1064,20,296,106.4,110.918168,1669046151,1669046152,0.613609076,0.002291203,0.150578022,0.068178786,0.048843068,11,6733,20,1440,612.0909091,581.851661,1669046151,1669046152,0.433344841,0,0.11976099,0.043334484,0.048083573
,,,,,,,,,,,,,,,,,,,,,,,,,,,,,,,,,,,,,,,,,,,
2800:5f0:814:1787:f03b:d7a3:ca44:cb0f,64835,2800:3f0:4005:401::200a,443,17,19,1154,33,274,60.73684211,54.25945671,1669046152,1669046197,45.28468919,1.22E-05,14.97900009,2.515816066,4.676494935,9,604,41,274,67.11111111,73.14892639,1669046152,1669046197,45.28468919,0.039968014,14.97900009,5.660586149,5.688099163,10,550,33,93,55,26.61954169,1669046152,1669046197,45.13775301,1.22E-05,15.12362385,5.01530589,5.6672127
,,,,,,,,,,,,,,,,,,,,,,,,,,,,,,,,,,,,,,,,,,,
192.168.1.5,52926,54.232.34.114,443,6,31,3152,40,1124,101.6774194,188.6153941,1669046152,1669046203,50.95359707,1.91E-06,9.80696106,1.698453236,3.020558096,16,1132,40,96,70.75,27.12816802,1669046152,1669046203,50.95359707,0.183847904,9.80696106,3.396906471,3.557133191,15,2020,40,1124,134.6666667,265.762467,1669046152,1669046203,50.76550889,1.91E-06,10.00259304,3.626107778,3.729769754
,,,,,,,,,,,,,,,,,,,,,,,,,,,,,,,,,,,,,,,,,,,
192.168.1.6,5353,224.0.0.251,5353,17,3,267,89,89,89,0,1669046153,1669046193,40.01132393,20.00298905,20.00833488,20.00566196,0.002672911,3,267,89,89,89,0,1669046153,1669046193,40.01132393,20.00298905,20.00833488,20.00566196,0.002672911,0,0,0,0,0,0,0,0,0,0,0,0,0
,,,,,,,,,,,,,,,,,,,,,,,,,,,,,,,,,,,,,,,,,,,
54.175.191.203,443,192.168.1.5,61459,6,10,426,40,52,42.6,4.715930449,1669046154,1669046202,48.50658894,0.000135899,21.51337719,5.389620993,7.949123363,5,224,40,52,44.8,5.878775383,1669046154,1669046202,48.50658894,3.427541018,21.51351309,12.12664723,7.797330281,5,202,40,41,40.4,0.489897949,1669046154,1669046202,48.433496,3.354519129,21.51352215,12.108374,7.847199159
,,,,,,,,,,,,,,,,,,,,,,,,,,,,,,,,,,,,,,,,,,,
192.168.1.5,52281,66.110.49.116,443,6,2,81,40,41,40.5,0.5,1669046154,1669046154,0.103929996,0.103929996,0.103929996,0.103929996,0,1,41,41,41,41,0,1669046154,1669046154,0,0,0,0,0,1,40,40,40,40,0,1669046154,1669046154,0,0,0,0,0
,,,,,,,,,,,,,,,,,,,,,,,,,,,,,,,,,,,,,,,,,,,
54.175.191.204,443,192.168.1.5,61460,6,10,426,40,52,42.6,4.715930449,1669046154,1669046204,49.70151091,0.000145912,20.98587298,5.522390101,7.489242304,5,224,40,52,44.8,5.878775383,1669046154,1669046204,49.70151091,4.616182089,20.98622298,12.42537773,6.394311233,5,202,40,41,40.4,0.489897949,1669046154,1669046204,49.62935185,4.545095921,20.9860189,12.40733796,6.437425281
,,,,,,,,,,,,,,,,,,,,,,,,,,,,,,,,,,,,,,,,,,,
2800:5f0:814:1787:f03b:d7a3:ca44:cb0f,52592,2406:da00:ff00::22c0:3470,443,6,31,6346,20,1440,204.7096774,351.1905276,1669046155,1669046157,2.250135899,0,1.633756876,0.07500453,0.291777951,16,1996,20,543,124.75,164.3314106,1669046155,1669046157,2.250135899,1.69E-05,1.633756876,0.15000906,0.399899614,15,4350,20,1440,290,460.426469,1669046155,1669046157,2.168556929,0,1.819987059,0.154896923,0.463168175
,,,,,,,,,,,,,,,,,,,,,,,,,,,,,,,,,,,,,,,,,,,
2800:5f0:814:1787:f03b:d7a3:ca44:cb0f,65228,2800:5f0:1000:10::2,53,17,2,224,48,176,112,64,1669046156,1669046156,0.01670289,0.01670289,0.01670289,0.01670289,0,1,48,48,48,48,0,1669046156,1669046156,0,0,0,0,0,1,176,176,176,176,0,1669046156,1669046156,0,0,0,0,0
,,,,,,,,,,,,,,,,,,,,,,,,,,,,,,,,,,,,,,,,,,,
2800:5f0:814:1787:f03b:d7a3:ca44:cb0f,62976,2800:5f0:1000:10::2,53,17,2,183,48,135,91.5,43.5,1669046156,1669046156,0.017516136,0.017516136,0.017516136,0.017516136,0,1,48,48,48,48,0,1669046156,1669046156,0,0,0,0,0,1,135,135,135,135,0,1669046156,1669046156,0,0,0,0,0
,,,,,,,,,,,,,,,,,,,,,,,,,,,,,,,,,,,,,,,,,,,
192.168.1.5,52593,3.214.164.250,443,6,40,21852,40,1500,546.3,593.0176304,1669046156,1669046205,48.91851592,0,32.96203804,1.254320921,5.603866402,21,13557,40,1500,645.5714286,627.2655374,1669046156,1669046205,48.91851592,5.01E-06,32.96203804,2.445925796,7.637474274,19,8295,40,1492,436.5789474,531.5521775,1669046156,1669046205,48.79439187,0,33.10342193,2.710799548,8.051109483
,,,,,,,,,,,,,,,,,,,,,,,,,,,,,,,,,,,,,,,,,,,
2800:5f0:814:1787:f03b:d7a3:ca44:cb0f,52594,2406:da00:ff00::36ec:507a,443,6,19,7760,20,1440,408.4210526,511.5850823,1669046156,1669046157,0.615098,9.54E-07,0.117016077,0.034172111,0.042743964,9,1044,20,296,116,112.9080255,1669046156,1669046157,0.615098,0.003839016,0.151520967,0.07688725,0.046648121,10,6716,20,1440,671.6,582.7272432,1669046156,1669046157,0.441335917,9.54E-07,0.119503021,0.049037324,0.049269825
,,,,,,,,,,,,,,,,,,,,,,,,,,,,,,,,,,,,,,,,,,,
192.168.1.5,52333,35.244.189.186,443,6,8,428,40,69,53.5,13.57387196,1669046156,1669046182,25.24476099,0.014899969,24.95053411,3.606394427,8.713744966,4,218,40,69,54.5,14.5,1669046156,1669046182,25.24476099,0.140662909,24.95053411,8.41492033,11.69244582,4,210,40,65,52.5,12.5,1669046156,1669046182,25.17935395,0.074761868,25.01710296,8.393117984,11.75493365
,,,,,,,,,,,,,,,,,,,,,,,,,,,,,,,,,,,,,,,,,,,
54.175.191.205,443,192.168.1.5,61455,6,10,426,40,52,42.6,4.715930449,1669046157,1669046204,47.78971314,9.99E-05,22.52950215,5.309968127,8.569037563,5,224,40,52,44.8,5.878775383,1669046157,1669046204,47.78971314,2.703666925,22.52960205,11.94742829,9.279547801,5,202,40,41,40.4,0.489897949,1669046157,1669046204,47.71577501,2.629696846,22.52965212,11.92894375,9.332106046
,,,,,,,,,,,,,,,,,,,,,,,,,,,,,,,,,,,,,,,,,,,
2800:5f0:814:1787:f03b:d7a3:ca44:cb0f,54989,2800:3f0:4005:400::200a,443,17,18,6136,33,1238,340.8888889,445.2170368,1669046157,1669046157,0.344944,0,0.11235404,0.020290824,0.033547151,8,2091,41,1238,261.375,399.3134538,1669046157,1669046157,0.252238989,0.000164032,0.153697968,0.036034141,0.050606618,10,4045,33,1238,404.5,469.1774185,1669046157,1669046157,0.232167959,0,0.093172073,0.02579644,0.031787262
,,,,,,,,,,,,,,,,,,,,,,,,,,,,,,,,,,,,,,,,,,,
192.168.1.5,52739,20.82.9.244,443,6,8,432,40,71,54,14.15980226,1669046157,1669046183,26.21364403,4.05E-06,25.79292393,3.74480629,9.001337014,4,222,40,71,55.5,15.5,1669046157,1669046183,26.21364403,0.201262951,25.79292393,8.737881343,12.05973855,4,210,40,65,52.5,12.5,1669046157,1669046183,26.01512599,4.05E-06,26.01511383,8.671708663,12.2636394
,,,,,,,,,,,,,,,,,,,,,,,,,,,,,,,,,,,,,,,,,,,
192.168.1.5,61461,54.175.191.203,443,6,10,426,40,52,42.6,4.715930449,1669046157,1669046202,45.15294409,9.82E-05,20.48510695,5.016993788,8.303576312,5,202,40,41,40.4,0.489897949,1669046157,1669046202,45.07874107,1.74902606,20.48520803,11.26968527,9.210057292,5,224,40,52,44.8,5.878775383,1669046157,1669046202,45.08004904,1.676020861,20.48521709,11.27001226,9.211136158
,,,,,,,,,,,,,,,,,,,,,,,,,,,,,,,,,,,,,,,,,,,
2800:5f0:814:1787:f03b:d7a3:ca44:cb0f,52597,2406:da00:ff00::22c0:3470,443,6,132,136029,20,1440,1030.522727,625.2505857,1669046159,1669046160,1.475350142,0,0.650146008,0.011262215,0.059742446,26,2125,20,543,81.73076923,138.8550871,1669046159,1669046160,1.475350142,2.00E-05,0.650146008,0.059014006,0.128527671,106,133904,20,1440,1263.245283,455.1203202,1669046159,1669046160,1.399064064,0,0.743828058,0.01332442,0.074578943
,,,,,,,,,,,,,,,,,,,,,,,,,,,,,,,,,,,,,,,,,,,
192.168.1.5,54990,216.239.35.12,123,17,2,152,76,76,76,0,1669046159,1669046159,0.072391033,0.072391033,0.072391033,0.072391033,0,1,76,76,76,76,0,1669046159,1669046159,0,0,0,0,0,1,76,76,76,76,0,1669046159,1669046159,0,0,0,0,0
,,,,,,,,,,,,,,,,,,,,,,,,,,,,,,,,,,,,,,,,,,,
2800:5f0:814:1787:f03b:d7a3:ca44:cb0f,52231,2800:3f0:4005:407::200e,443,6,4,106,21,32,26.5,5.5,1669046159,1669046204,45.19524813,0.088008165,45.01285887,15.06508271,21.17627576,2,42,21,21,21,0,1669046159,1669046204,45.10086703,45.10086703,45.10086703,45.10086703,0,2,64,32,32,32,0,1669046159,1669046204,45.10723996,45.10723996,45.10723996,45.10723996,0
,,,,,,,,,,,,,,,,,,,,,,,,,,,,,,,,,,,,,,,,,,,
192.168.1.5,61456,54.175.191.205,443,6,8,346,40,52,43.25,5.068283733,1669046159,1669046204,45.16592693,7.89E-05,22.540169,6.452275276,9.541886342,4,162,40,41,40.5,0.5,1669046159,1669046204,45.08607912,2.139338017,22.54038906,15.02869304,9.155695247,4,184,40,52,46,6,1669046159,1669046204,45.09207487,2.065407038,22.54024792,15.03069162,9.206103253
,,,,,,,,,,,,,,,,,,,,,,,,,,,,,,,,,,,,,,,,,,,
192.168.1.5,61463,54.175.191.205,443,6,10,426,40,52,42.6,4.715930449,1669046159,1669046205,46.16874814,6.01E-05,22.61183095,5.129860904,9.032245004,5,202,40,41,40.4,0.489897949,1669046159,1669046205,46.16874814,1.079306126,22.61195683,11.54218704,10.47004654,5,224,40,52,44.8,5.878775383,1669046159,1669046205,46.09478402,1.005379915,22.61189103,11.52369601,10.52440045
,,,,,,,,,,,,,,,,,,,,,,,,,,,,,,,,,,,,,,,,,,,
2800:5f0:814:1787:f03b:d7a3:ca44:cb0f,52401,2a03:2880:f22b:c5:face:b00c:0:167,443,6,8,440,20,91,55,35.00714213,1669046162,1669046191,29.18022609,0.045637131,28.81259394,4.168603727,10.06087494,4,218,20,89,54.5,34.5,1669046162,1669046191,29.18022609,0.182845116,28.81259394,9.726742029,13.49573533,4,222,20,91,55.5,35.5,1669046162,1669046191,29.08064198,0.079550028,28.92031908,9.693547328,13.5953807
,,,,,,,,,,,,,,,,,,,,,,,,,,,,,,,,,,,,,,,,,,,
2800:5f0:814:1787:f03b:d7a3:ca44:cb0f,52600,2406:da00:ff00::22c0:3470,443,6,29,6295,20,1440,217.0689655,360.7132715,1669046162,1669046165,2.930843115,0,1.60236907,0.104672968,0.320856272,16,2008,20,543,125.5,164.4768221,1669046162,1669046165,2.930843115,1.69E-05,1.60236907,0.195389541,0.43389574,13,4287,20,1440,329.7692308,483.6710824,1669046163,1669046165,2.855232,0,1.782786131,0.237936,0.508124977
,,,,,,,,,,,,,,,,,,,,,,,,,,,,,,,,,,,,,,,,,,,
2800:5f0:814:1787:f03b:d7a3:ca44:cb0f,52380,2600:9000:2353:5000:e:8ad6:4240:93a1,443,6,13,1587,20,521,122.0769231,174.7378087,1669046163,1669046185,21.6917572,0,20.69657898,1.807646434,5.699143545,6,396,20,164,66,54.81179922,1669046163,1669046185,21.6917572,0.002795935,20.74680018,4.33835144,8.209153274,7,1191,20,521,170.1428571,221.6389784,1669046163,1669046184,21.594414,0,20.759969,3.599068999,7.680633764
,,,,,,,,,,,,,,,,,,,,,,,,,,,,,,,,,,,,,,,,,,,
2800:5f0:814:1787:f03b:d7a3:ca44:cb0f,52433,2800:3f0:4005:40c::2003,443,6,2,53,21,32,26.5,5.5,1669046164,1669046164,0.096666098,0.096666098,0.096666098,0.096666098,0,1,21,21,21,21,0,1669046164,1669046164,0,0,0,0,0,1,32,32,32,32,0,1669046164,1669046164,0,0,0,0,0
,,,,,,,,,,,,,,,,,,,,,,,,,,,,,,,,,,,,,,,,,,,
2800:5f0:814:1787:f03b:d7a3:ca44:cb0f,52601,2406:da00:ff00::36ec:507a,443,6,19,7758,20,1440,408.3157895,511.4155847,1669046164,1669046165,0.615799904,0,0.120390892,0.034211106,0.042907745,9,1044,20,296,116,112.9080255,1669046164,1669046165,0.615799904,0.004878044,0.154111862,0.076974988,0.046774371,10,6714,20,1440,671.4,582.5348402,1669046164,1669046164,0.440529108,0,0.12289691,0.048947679,0.050055432
,,,,,,,,,,,,,,,,,,,,,,,,,,,,,,,,,,,,,,,,,,,
192.168.1.5,52383,13.35.116.76,443,6,12,2422,40,1212,201.8333333,346.4637627,1669046165,1669046186,21.41307497,7.87E-06,21.21079707,1.946643179,6.091901954,5,888,40,653,177.6,238.2633837,1669046165,1669046186,21.36201692,0.001045942,21.2703681,5.340504229,9.19717553,7,1534,40,1212,219.1428571,405.5974178,1669046165,1669046186,21.35350394,7.87E-06,21.26276302,3.558917324,7.917424373
,,,,,,,,,,,,,,,,,,,,,,,,,,,,,,,,,,,,,,,,,,,
2800:5f0:814:1787:f03b:d7a3:ca44:cb0f,52386,2600:9000:2486:e800:10:5be3:f900:93a1,443,6,2,53,21,32,26.5,5.5,1669046165,1669046165,0.050204039,0.050204039,0.050204039,0.050204039,0,1,21,21,21,21,0,1669046165,1669046165,0,0,0,0,0,1,32,32,32,32,0,1669046165,1669046165,0,0,0,0,0
,,,,,,,,,,,,,,,,,,,,,,,,,,,,,,,,,,,,,,,,,,,
192.168.1.5,52387,104.192.142.15,443,6,14,3442,40,1492,245.8571429,417.2417691,1669046166,1669046188,21.91392589,0,21.51542377,1.685686607,5.724492545,7,752,40,329,107.4285714,97.17856487,1669046166,1669046188,21.79238486,7.51E-05,21.58966279,3.632064144,8.031009193,7,2690,40,1492,384.2857143,548.0992387,1669046166,1669046188,21.83968687,0,21.59362197,3.639947812,8.029315685
,,,,,,,,,,,,,,,,,,,,,,,,,,,,,,,,,,,,,,,,,,,
192.168.1.5,52496,40.64.128.224,443,6,2,93,41,52,46.5,5.5,1669046166,1669046166,0.11895299,0.11895299,0.11895299,0.11895299,0,1,41,41,41,41,0,1669046166,1669046166,0,0,0,0,0,1,52,52,52,52,0,1669046166,1669046166,0,0,0,0,0
,,,,,,,,,,,,,,,,,,,,,,,,,,,,,,,,,,,,,,,,,,,
2800:5f0:814:1787:f03b:d7a3:ca44:cb0f,59644,2800:5f0:1000:10::2,53,17,2,94,39,55,47,8,1669046168,1669046168,0.081849813,0.081849813,0.081849813,0.081849813,0,1,39,39,39,39,0,1669046168,1669046168,0,0,0,0,0,1,55,55,55,55,0,1669046168,1669046168,0,0,0,0,0
,,,,,,,,,,,,,,,,,,,,,,,,,,,,,,,,,,,,,,,,,,,
2800:5f0:814:1787:f03b:d7a3:ca44:cb0f,59644,2800:5f0:800:10::2,53,17,1,39,39,39,39,0,1669046168,1669046168,0,0,0,0,0,1,39,39,39,39,0,1669046168,1669046168,0,0,0,0,0,0,0,0,0,0,0,0,0,0,0,0,0,0
,,,,,,,,,,,,,,,,,,,,,,,,,,,,,,,,,,,,,,,,,,,
2800:5f0:814:1787:f03b:d7a3:ca44:cb0f,52604,2406:da00:ff00::22c0:3470,443,6,32,6388,20,1440,199.625,347.2973105,1669046168,1669046170,2.272506952,0,1.616132021,0.073306676,0.283611996,16,2038,20,543,127.375,164.9044705,1669046168,1669046170,2.272506952,3.29E-05,1.616132021,0.151500463,0.394372929,16,4350,20,1440,271.875,451.2175023,1669046168,1669046170,2.192502975,0,1.782977104,0.146166865,0.438685543
,,,,,,,,,,,,,,,,,,,,,,,,,,,,,,,,,,,,,,,,,,,
2800:5f0:814:1787:f03b:d7a3:ca44:cb0f,61449,2600:9000:2119:3400:14:9ec2:1cc0:93a1,443,6,2,53,21,32,26.5,5.5,1669046169,1669046169,0.059571028,0.059571028,0.059571028,0.059571028,0,1,21,21,21,21,0,1669046169,1669046169,0,0,0,0,0,1,32,32,32,32,0,1669046169,1669046169,0,0,0,0,0
,,,,,,,,,,,,,,,,,,,,,,,,,,,,,,,,,,,,,,,,,,,
2800:5f0:814:1787:f03b:d7a3:ca44:cb0f,52605,2406:da00:ff00::36ec:507a,443,6,19,7759,20,1440,408.3684211,511.5249863,1669046169,1669046170,0.607609987,9.54E-07,0.116827011,0.03375611,0.043860952,9,1044,20,296,116,112.9080255,1669046169,1669046170,0.607609987,0.004188776,0.131650925,0.075951248,0.043386634,10,6715,20,1440,671.5,582.6721634,1669046169,1669046170,0.436419964,9.54E-07,0.119749069,0.048491107,0.052255865
,,,,,,,,,,,,,,,,,,,,,,,,,,,,,,,,,,,,,,,,,,,
192.168.1.5,50621,162.159.134.234,443,6,4,243,40,91,60.75,21.81026135,1669046170,1669046170,0.150620937,0.005640984,0.094509125,0.050206979,0.036280746,2,131,40,91,65.5,25.5,1669046170,1669046170,0.150620937,0.150620937,0.150620937,0.150620937,0,2,112,40,72,56,16,1669046170,1669046170,0.094509125,0.094509125,0.094509125,0.094509125,0
,,,,,,,,,,,,,,,,,,,,,,,,,,,,,,,,,,,,,,,,,,,
2800:5f0:814:1787:f03b:d7a3:ca44:cb0f,52440,2800:3f0:4005:407::2011,443,6,2,53,21,32,26.5,5.5,1669046170,1669046170,0.089385033,0.089385033,0.089385033,0.089385033,0,1,21,21,21,21,0,1669046170,1669046170,0,0,0,0,0,1,32,32,32,32,0,1669046170,1669046170,0,0,0,0,0
,,,,,,,,,,,,,,,,,,,,,,,,,,,,,,,,,,,,,,,,,,,
192.168.1.5,52475,52.217.140.209,443,6,1,41,41,41,41,0,1669046172,1669046172,0,0,0,0,0,1,41,41,41,41,0,1669046172,1669046172,0,0,0,0,0,0,0,0,0,0,0,0,0,0,0,0,0,0
,,,,,,,,,,,,,,,,,,,,,,,,,,,,,,,,,,,,,,,,,,,
192.168.1.5,51859,35.244.189.186,443,6,2,93,41,52,46.5,5.5,1669046172,1669046172,0.015148163,0.015148163,0.015148163,0.015148163,0,1,41,41,41,41,0,1669046172,1669046172,0,0,0,0,0,1,52,52,52,52,0,1669046172,1669046172,0,0,0,0,0
,,,,,,,,,,,,,,,,,,,,,,,,,,,,,,,,,,,,,,,,,,,
2800:5f0:814:1787:f03b:d7a3:ca44:cb0f,52608,2406:da00:ff00::22c0:3470,443,6,173,185420,20,1440,1071.791908,606.5288832,1669046172,1669046175,3.270694971,0,1.654742002,0.019015668,0.136239656,33,2363,20,543,71.60606061,125.6669334,1669046172,1669046175,3.270694971,1.72E-05,1.654742002,0.102209218,0.30284767,140,183057,20,1440,1307.55,399.3557191,1669046172,1669046175,3.197048187,0,1.828765869,0.023000347,0.166852895
,,,,,,,,,,,,,,,,,,,,,,,,,,,,,,,,,,,,,,,,,,,
2800:5f0:814:1787:f03b:d7a3:ca44:cb0f,52609,2406:da00:ff00::36ec:507a,443,6,19,7760,20,1440,408.4210526,511.4798258,1669046174,1669046174,0.650030136,9.54E-07,0.125780821,0.036112785,0.044611963,9,1044,20,296,116,112.9080255,1669046174,1669046174,0.650030136,0.002964973,0.153187037,0.081253767,0.049627238,10,6716,20,1440,671.6,582.5516629,1669046174,1669046174,0.477069139,9.54E-07,0.139683962,0.053007682,0.052373004
,,,,,,,,,,,,,,,,,,,,,,,,,,,,,,,,,,,,,,,,,,,
2800:5f0:814:1787:f03b:d7a3:ca44:cb0f,52565,2800:3f0:4005:400::2003,443,6,2,53,21,32,26.5,5.5,1669046175,1669046175,0.094528913,0.094528913,0.094528913,0.094528913,0,1,21,21,21,21,0,1669046175,1669046175,0,0,0,0,0,1,32,32,32,32,0,1669046175,1669046175,0,0,0,0,0
,,,,,,,,,,,,,,,,,,,,,,,,,,,,,,,,,,,,,,,,,,,
2800:5f0:814:1787:f03b:d7a3:ca44:cb0f,59653,2800:5f0:1000:10::2,53,17,2,202,40,162,101,61,1669046177,1669046177,0.003726006,0.003726006,0.003726006,0.003726006,0,1,40,40,40,40,0,1669046177,1669046177,0,0,0,0,0,1,162,162,162,162,0,1669046177,1669046177,0,0,0,0,0
,,,,,,,,,,,,,,,,,,,,,,,,,,,,,,,,,,,,,,,,,,,
2800:5f0:814:1787:f03b:d7a3:ca44:cb0f,59523,2800:5f0:1000:10::2,53,17,2,212,40,172,106,66,1669046177,1669046177,0.003345013,0.003345013,0.003345013,0.003345013,0,1,40,40,40,40,0,1669046177,1669046177,0,0,0,0,0,1,172,172,172,172,0,1669046177,1669046177,0,0,0,0,0
,,,,,,,,,,,,,,,,,,,,,,,,,,,,,,,,,,,,,,,,,,,
192.168.1.5,52610,200.110.126.59,443,6,22,11998,40,1492,545.3636364,630.2124134,1669046177,1669046177,0.039746046,0,0.00718689,0.001892669,0.002422346,8,853,40,254,106.625,85.9257492,1669046177,1669046177,0.039746046,0.001213074,0.011090994,0.005678007,0.0033296,14,11145,40,1492,796.0714286,668.6195228,1669046177,1669046177,0.032461166,0,0.006937981,0.002497013,0.002982795
,,,,,,,,,,,,,,,,,,,,,,,,,,,,,,,,,,,,,,,,,,,
2800:5f0:814:1787:f03b:d7a3:ca44:cb0f,52613,2406:da00:ff00::22c0:3470,443,6,31,6347,20,1440,204.7419355,351.5294663,1669046177,1669046180,2.346424103,0,1.704106092,0.078214137,0.304037096,16,2008,20,543,125.5,164.4768221,1669046177,1669046180,2.346424103,1.69E-05,1.704106092,0.156428274,0.416266644,15,4339,20,1440,289.2666667,461.1785579,1669046178,1669046180,2.2681849,0,1.879482985,0.162013207,0.47788392
,,,,,,,,,,,,,,,,,,,,,,,,,,,,,,,,,,,,,,,,,,,
192.168.1.5,59527,239.255.255.250,1900,17,4,792,198,198,198,0,1669046178,1669046181,3.020200014,1.00140214,1.009819031,1.006733338,0.003785299,4,792,198,198,198,0,1669046178,1669046181,3.020200014,1.00140214,1.009819031,1.006733338,0.003785299,0,0,0,0,0,0,0,0,0,0,0,0,0
,,,,,,,,,,,,,,,,,,,,,,,,,,,,,,,,,,,,,,,,,,,
2800:5f0:814:1787:f03b:d7a3:ca44:cb0f,52400,2800:3f0:4005:400::2003,443,6,2,53,21,32,26.5,5.5,1669046178,1669046178,0.086648941,0.086648941,0.086648941,0.086648941,0,1,21,21,21,21,0,1669046178,1669046178,0,0,0,0,0,1,32,32,32,32,0,1669046178,1669046178,0,0,0,0,0
,,,,,,,,,,,,,,,,,,,,,,,,,,,,,,,,,,,,,,,,,,,
192.168.1.5,59531,239.255.255.250,1900,17,4,812,203,203,203,0,1669046178,1669046181,3.029164076,1.008625031,1.011816025,1.009721359,0.001481693,4,812,203,203,203,0,1669046178,1669046181,3.029164076,1.008625031,1.011816025,1.009721359,0.001481693,0,0,0,0,0,0,0,0,0,0,0,0,0
,,,,,,,,,,,,,,,,,,,,,,,,,,,,,,,,,,,,,,,,,,,
2800:5f0:814:1787:f03b:d7a3:ca44:cb0f,53952,2800:5f0:1000:10::2,53,17,2,134,43,91,67,24,1669046179,1669046179,0.002609968,0.002609968,0.002609968,0.002609968,0,1,43,43,43,43,0,1669046179,1669046179,0,0,0,0,0,1,91,91,91,91,0,1669046179,1669046179,0,0,0,0,0
,,,,,,,,,,,,,,,,,,,,,,,,,,,,,,,,,,,,,,,,,,,
2800:5f0:814:1787:f03b:d7a3:ca44:cb0f,52614,2406:da00:ff00::36ec:507a,443,6,21,7800,20,1440,371.4285714,489.5611807,1669046179,1669046180,0.595555067,0,0.114588022,0.029777753,0.040352656,10,1064,20,296,106.4,110.918168,1669046179,1669046180,0.595555067,0.002417088,0.148527861,0.066172785,0.048000905,11,6736,20,1440,612.3636364,569.6168206,1669046179,1669046180,0.421154976,0,0.117097139,0.042115498,0.046929561
,,,,,,,,,,,,,,,,,,,,,,,,,,,,,,,,,,,,,,,,,,,
2800:5f0:814:1787:f03b:d7a3:ca44:cb0f,55247,2800:5f0:1000:10::2,53,17,2,244,58,186,122,64,1669046179,1669046179,0.00699687,0.00699687,0.00699687,0.00699687,0,1,58,58,58,58,0,1669046179,1669046179,0,0,0,0,0,1,186,186,186,186,0,1669046179,1669046179,0,0,0,0,0
,,,,,,,,,,,,,,,,,,,,,,,,,,,,,,,,,,,,,,,,,,,
2800:5f0:814:1787:f03b:d7a3:ca44:cb0f,51035,2800:5f0:1000:10::2,53,17,2,200,58,142,100,42,1669046179,1669046179,0.006764174,0.006764174,0.006764174,0.006764174,0,1,58,58,58,58,0,1669046179,1669046179,0,0,0,0,0,1,142,142,142,142,0,1669046179,1669046179,0,0,0,0,0
,,,,,,,,,,,,,,,,,,,,,,,,,,,,,,,,,,,,,,,,,,,
192.168.1.5,52615,34.204.156.177,443,6,25,10244,40,1492,409.76,505.2393714,1669046179,1669046195,15.7614789,9.54E-07,15.08094883,0.656728288,3.007864307,13,2380,40,549,183.0769231,183.1420052,1669046179,1669046195,15.7614789,0.000833988,15.08094883,1.313456575,4.151326739,12,7864,40,1492,655.3333333,616.032647,1669046179,1669046195,15.63331985,9.54E-07,15.21574807,1.421210896,4.362394789
,,,,,,,,,,,,,,,,,,,,,,,,,,,,,,,,,,,,,,,,,,,
2800:5f0:814:1787:f03b:d7a3:ca44:cb0f,52403,2800:3f0:4005:40c::200a,443,6,2,53,21,32,26.5,5.5,1669046179,1669046180,0.094685078,0.094685078,0.094685078,0.094685078,0,1,21,21,21,21,0,1669046179,1669046179,0,0,0,0,0,1,32,32,32,32,0,1669046180,1669046180,0,0,0,0,0
,,,,,,,,,,,,,,,,,,,,,,,,,,,,,,,,,,,,,,,,,,,
2800:5f0:814:1787:f03b:d7a3:ca44:cb0f,56855,2800:5f0:1000:10::2,53,17,2,134,43,91,67,24,1669046180,1669046180,0.016057968,0.016057968,0.016057968,0.016057968,0,1,43,43,43,43,0,1669046180,1669046180,0,0,0,0,0,1,91,91,91,91,0,1669046180,1669046180,0,0,0,0,0
,,,,,,,,,,,,,,,,,,,,,,,,,,,,,,,,,,,,,,,,,,,
2800:5f0:814:1787:f03b:d7a3:ca44:cb0f,62532,2800:5f0:1000:10::2,53,17,2,164,43,121,82,39,1669046180,1669046180,0.064244032,0.064244032,0.064244032,0.064244032,0,1,43,43,43,43,0,1669046180,1669046180,0,0,0,0,0,1,121,121,121,121,0,1669046180,1669046180,0,0,0,0,0
,,,,,,,,,,,,,,,,,,,,,,,,,,,,,,,,,,,,,,,,,,,
2800:5f0:814:1787:f03b:d7a3:ca44:cb0f,62532,2800:5f0:800:10::2,53,17,1,43,43,43,43,0,1669046180,1669046180,0,0,0,0,0,1,43,43,43,43,0,1669046180,1669046180,0,0,0,0,0,0,0,0,0,0,0,0,0,0,0,0,0,0
,,,,,,,,,,,,,,,,,,,,,,,,,,,,,,,,,,,,,,,,,,,
192.168.1.5,52616,104.192.142.13,443,6,41,21827,40,1500,532.3658537,629.8196318,1669046180,1669046181,1.099128962,9.54E-07,0.240581036,0.027478224,0.049272437,24,15756,40,1500,656.5,664.8789363,1669046180,1669046181,0.982664108,2.86E-06,0.313421011,0.042724526,0.073224088,17,6071,40,1492,357.1176471,529.2681831,1669046180,1669046181,1.019946814,9.54E-07,0.312710047,0.063746676,0.0824778
,,,,,,,,,,,,,,,,,,,,,,,,,,,,,,,,,,,,,,,,,,,
192.168.1.5,52243,66.110.49.116,443,6,16,1598,40,246,99.875,56.57724255,1669046180,1669046181,0.750576019,0,0.40594697,0.050038401,0.101824474,8,762,40,246,95.25,67.62904332,1669046180,1669046181,0.750576019,0.000125885,0.40594697,0.107225146,0.128882149,8,836,40,150,104.5,42.2551772,1669046180,1669046181,0.601261854,0,0.557416916,0.085894551,0.193072863
,,,,,,,,,,,,,,,,,,,,,,,,,,,,,,,,,,,,,,,,,,,
192.168.1.1,0,192.168.1.5,0,1,6,3456,576,576,576,0,1669046180,1669046189,9.313050985,1.91E-06,9.31061101,1.862610197,3.724000446,6,3456,576,576,576,0,1669046180,1669046189,9.313050985,1.91E-06,9.31061101,1.862610197,3.724000446,0,0,0,0,0,0,0,0,0,0,0,0,0
,,,,,,,,,,,,,,,,,,,,,,,,,,,,,,,,,,,,,,,,,,,
192.168.1.5,52228,104.192.142.20,443,6,1265,760969,40,1492,601.5565217,654.1421829,1669046181,1669046194,13.57756996,0,3.125211954,0.010741748,0.098942216,583,527219,40,1492,904.3207547,661.5913725,1669046181,1669046194,13.50156999,1.91E-06,3.125211954,0.023198574,0.14993667,682,233750,40,1492,342.7419355,523.6208594,1669046181,1669046194,13.50524592,0,3.249259949,0.019831492,0.141134737
,,,,,,,,,,,,,,,,,,,,,,,,,,,,,,,,,,,,,,,,,,,
2800:5f0:814:1787:f03b:d7a3:ca44:cb0f,52619,2406:da00:ff00::22c0:3470,443,6,31,6336,20,1440,204.3870968,351.6388064,1669046182,1669046184,2.473289967,0,1.788110018,0.082442999,0.318936216,16,2005,20,543,125.3125,164.4390916,1669046182,1669046184,2.473289967,3.41E-05,1.788110018,0.164885998,0.437188342,15,4331,20,1440,288.7333333,461.4284295,1669046182,1669046184,2.387994051,0,1.980257034,0.170571004,0.50323845
,,,,,,,,,,,,,,,,,,,,,,,,,,,,,,,,,,,,,,,,,,,
192.168.1.5,52495,13.107.5.93,443,6,2,93,41,52,46.5,5.5,1669046183,1669046183,0.078031063,0.078031063,0.078031063,0.078031063,0,1,41,41,41,41,0,1669046183,1669046183,0,0,0,0,0,1,52,52,52,52,0,1669046183,1669046183,0,0,0,0,0
,,,,,,,,,,,,,,,,,,,,,,,,,,,,,,,,,,,,,,,,,,,
2800:5f0:814:1787:f03b:d7a3:ca44:cb0f,52620,2406:da00:ff00::36ec:507a,443,6,19,7760,20,1440,408.4210526,511.5604935,1669046184,1669046184,0.699721098,0,0.121227026,0.038873394,0.046857355,9,1044,20,296,116,112.9080255,1669046184,1669046184,0.699721098,0.003075838,0.143683195,0.087465137,0.049107725,10,6716,20,1440,671.6,582.6862277,1669046184,1669046184,0.489571095,0,0.127190113,0.054396788,0.05215457
,,,,,,,,,,,,,,,,,,,,,,,,,,,,,,,,,,,,,,,,,,,
2800:5f0:814:1787:f03b:d7a3:ca44:cb0f,51586,2607:f8b0:400c:c11::bc,5228,6,2,53,21,32,26.5,5.5,1669046184,1669046184,0.073637962,0.073637962,0.073637962,0.073637962,0,1,21,21,21,21,0,1669046184,1669046184,0,0,0,0,0,1,32,32,32,32,0,1669046184,1669046184,0,0,0,0,0
,,,,,,,,,,,,,,,,,,,,,,,,,,,,,,,,,,,,,,,,,,,
20.42.65.90,443,192.168.1.5,52466,6,1,40,40,40,40,0,1669046184,1669046184,0,0,0,0,0,1,40,40,40,40,0,1669046184,1669046184,0,0,0,0,0,0,0,0,0,0,0,0,0,0,0,0,0,0
,,,,,,,,,,,,,,,,,,,,,,,,,,,,,,,,,,,,,,,,,,,
2800:5f0:814:1787:f03b:d7a3:ca44:cb0f,52508,2606:2800:157:1508:1539:174:1a75:1191,443,6,2,53,21,32,26.5,5.5,1669046185,1669046185,0.049420118,0.049420118,0.049420118,0.049420118,0,1,21,21,21,21,0,1669046185,1669046185,0,0,0,0,0,1,32,32,32,32,0,1669046185,1669046185,0,0,0,0,0
,,,,,,,,,,,,,,,,,,,,,,,,,,,,,,,,,,,,,,,,,,,
192.168.1.5,57940,66.22.223.115,50024,17,26,2156,80,102,82.92307692,6.20745877,1669046185,1669046206,21.05536103,0.085998058,1.149943113,0.842214441,0.273917054,5,454,88,102,90.8,5.6,1669046185,1669046204,19.48005199,1.235941172,6.909543991,4.870012999,2.192226453,21,1702,80,102,81.04761905,4.68509481,1669046185,1669046206,20.96936297,0.982291222,1.962651968,1.048468149,0.209837147
,,,,,,,,,,,,,,,,,,,,,,,,,,,,,,,,,,,,,,,,,,,
2800:5f0:814:1787:f03b:d7a3:ca44:cb0f,50081,2800:5f0:1000:10::2,53,17,2,148,42,106,74,32,1669046186,1669046186,0.005161047,0.005161047,0.005161047,0.005161047,0,1,42,42,42,42,0,1669046186,1669046186,0,0,0,0,0,1,106,106,106,106,0,1669046186,1669046186,0,0,0,0,0
,,,,,,,,,,,,,,,,,,,,,,,,,,,,,,,,,,,,,,,,,,,
2800:5f0:814:1787:f03b:d7a3:ca44:cb0f,57307,2800:5f0:1000:10::2,53,17,2,194,73,121,97,24,1669046186,1669046186,0.004728079,0.004728079,0.004728079,0.004728079,0,1,73,73,73,73,0,1669046186,1669046186,0,0,0,0,0,1,121,121,121,121,0,1669046186,1669046186,0,0,0,0,0
,,,,,,,,,,,,,,,,,,,,,,,,,,,,,,,,,,,,,,,,,,,
2800:5f0:814:1787:f03b:d7a3:ca44:cb0f,58614,2800:5f0:1000:10::2,53,17,2,165,42,123,82.5,40.5,1669046186,1669046186,0.004728079,0.004728079,0.004728079,0.004728079,0,1,42,42,42,42,0,1669046186,1669046186,0,0,0,0,0,1,123,123,123,123,0,1669046186,1669046186,0,0,0,0,0
,,,,,,,,,,,,,,,,,,,,,,,,,,,,,,,,,,,,,,,,,,,
2800:5f0:814:1787:f03b:d7a3:ca44:cb0f,59019,2800:5f0:1000:10::2,53,17,2,200,76,124,100,24,1669046186,1669046186,0.016257048,0.016257048,0.016257048,0.016257048,0,1,76,76,76,76,0,1669046186,1669046186,0,0,0,0,0,1,124,124,124,124,0,1669046186,1669046186,0,0,0,0,0
,,,,,,,,,,,,,,,,,,,,,,,,,,,,,,,,,,,,,,,,,,,
2800:5f0:814:1787:f03b:d7a3:ca44:cb0f,49936,2800:5f0:1000:10::2,53,17,2,228,73,155,114,41,1669046186,1669046186,0.016254187,0.016254187,0.016254187,0.016254187,0,1,73,73,73,73,0,1669046186,1669046186,0,0,0,0,0,1,155,155,155,155,0,1669046186,1669046186,0,0,0,0,0
,,,,,,,,,,,,,,,,,,,,,,,,,,,,,,,,,,,,,,,,,,,
2800:5f0:814:1787:f03b:d7a3:ca44:cb0f,63372,2800:5f0:1000:10::2,53,17,2,234,76,158,117,41,1669046186,1669046186,0.015691996,0.015691996,0.015691996,0.015691996,0,1,76,76,76,76,0,1669046186,1669046186,0,0,0,0,0,1,158,158,158,158,0,1669046186,1669046186,0,0,0,0,0
,,,,,,,,,,,,,,,,,,,,,,,,,,,,,,,,,,,,,,,,,,,
2800:5f0:814:1787:f03b:d7a3:ca44:cb0f,49753,2800:5f0:1000:10::2,53,17,2,164,50,114,82,32,1669046186,1669046186,0.009546041,0.009546041,0.009546041,0.009546041,0,1,50,50,50,50,0,1669046186,1669046186,0,0,0,0,0,1,114,114,114,114,0,1669046186,1669046186,0,0,0,0,0
,,,,,,,,,,,,,,,,,,,,,,,,,,,,,,,,,,,,,,,,,,,
2800:5f0:814:1787:f03b:d7a3:ca44:cb0f,62758,2800:5f0:1000:10::2,53,17,2,178,50,128,89,39,1669046186,1669046186,0.009238958,0.009238958,0.009238958,0.009238958,0,1,50,50,50,50,0,1669046186,1669046186,0,0,0,0,0,1,128,128,128,128,0,1669046186,1669046186,0,0,0,0,0
,,,,,,,,,,,,,,,,,,,,,,,,,,,,,,,,,,,,,,,,,,,
2800:5f0:814:1787:f03b:d7a3:ca44:cb0f,64594,2800:5f0:1000:10::2,53,17,2,180,66,114,90,24,1669046186,1669046186,0.009160995,0.009160995,0.009160995,0.009160995,0,1,66,66,66,66,0,1669046186,1669046186,0,0,0,0,0,1,114,114,114,114,0,1669046186,1669046186,0,0,0,0,0
,,,,,,,,,,,,,,,,,,,,,,,,,,,,,,,,,,,,,,,,,,,
2800:5f0:814:1787:f03b:d7a3:ca44:cb0f,63916,2800:5f0:1000:10::2,53,17,2,231,45,186,115.5,70.5,1669046186,1669046186,0.009160995,0.009160995,0.009160995,0.009160995,0,1,45,45,45,45,0,1669046186,1669046186,0,0,0,0,0,1,186,186,186,186,0,1669046186,1669046186,0,0,0,0,0
,,,,,,,,,,,,,,,,,,,,,,,,,,,,,,,,,,,,,,,,,,,
2800:5f0:814:1787:f03b:d7a3:ca44:cb0f,54505,2800:5f0:1000:10::2,53,17,2,116,34,82,58,24,1669046186,1669046186,0.009156942,0.009156942,0.009156942,0.009156942,0,1,34,34,34,34,0,1669046186,1669046186,0,0,0,0,0,1,82,82,82,82,0,1669046186,1669046186,0,0,0,0,0
,,,,,,,,,,,,,,,,,,,,,,,,,,,,,,,,,,,,,,,,,,,
2800:5f0:814:1787:f03b:d7a3:ca44:cb0f,59961,2800:5f0:1000:10::2,53,17,2,391,45,346,195.5,150.5,1669046186,1669046186,0.050124884,0.050124884,0.050124884,0.050124884,0,1,45,45,45,45,0,1669046186,1669046186,0,0,0,0,0,1,346,346,346,346,0,1669046186,1669046186,0,0,0,0,0
,,,,,,,,,,,,,,,,,,,,,,,,,,,,,,,,,,,,,,,,,,,
2800:5f0:814:1787:f03b:d7a3:ca44:cb0f,61159,2800:5f0:1000:10::2,53,17,2,214,66,148,107,41,1669046186,1669046186,0.008700848,0.008700848,0.008700848,0.008700848,0,1,66,66,66,66,0,1669046186,1669046186,0,0,0,0,0,1,148,148,148,148,0,1669046186,1669046186,0,0,0,0,0
,,,,,,,,,,,,,,,,,,,,,,,,,,,,,,,,,,,,,,,,,,,
2800:5f0:814:1787:f03b:d7a3:ca44:cb0f,62792,2800:5f0:1000:10::2,53,17,2,127,34,93,63.5,29.5,1669046186,1669046186,0.008697033,0.008697033,0.008697033,0.008697033,0,1,34,34,34,34,0,1669046186,1669046186,0,0,0,0,0,1,93,93,93,93,0,1669046186,1669046186,0,0,0,0,0
,,,,,,,,,,,,,,,,,,,,,,,,,,,,,,,,,,,,,,,,,,,
2800:5f0:814:1787:f03b:d7a3:ca44:cb0f,59231,2800:5f0:1000:10::2,53,17,2,148,50,98,74,24,1669046186,1669046186,0.002939939,0.002939939,0.002939939,0.002939939,0,1,50,50,50,50,0,1669046186,1669046186,0,0,0,0,0,1,98,98,98,98,0,1669046186,1669046186,0,0,0,0,0
,,,,,,,,,,,,,,,,,,,,,,,,,,,,,,,,,,,,,,,,,,,
2800:5f0:814:1787:f03b:d7a3:ca44:cb0f,52925,2800:5f0:1000:10::2,53,17,2,276,84,192,138,54,1669046186,1669046186,0.002939939,0.002939939,0.002939939,0.002939939,0,1,84,84,84,84,0,1669046186,1669046186,0,0,0,0,0,1,192,192,192,192,0,1669046186,1669046186,0,0,0,0,0
,,,,,,,,,,,,,,,,,,,,,,,,,,,,,,,,,,,,,,,,,,,
2800:5f0:814:1787:f03b:d7a3:ca44:cb0f,61541,2800:5f0:1000:10::2,53,17,2,178,50,128,89,39,1669046186,1669046186,0.051410913,0.051410913,0.051410913,0.051410913,0,1,50,50,50,50,0,1669046186,1669046186,0,0,0,0,0,1,128,128,128,128,0,1669046186,1669046186,0,0,0,0,0
,,,,,,,,,,,,,,,,,,,,,,,,,,,,,,,,,,,,,,,,,,,
2800:5f0:814:1787:f03b:d7a3:ca44:cb0f,55853,2800:5f0:1000:10::2,53,17,2,310,84,226,155,71,1669046186,1669046186,0.008831024,0.008831024,0.008831024,0.008831024,0,1,84,84,84,84,0,1669046186,1669046186,0,0,0,0,0,1,226,226,226,226,0,1669046186,1669046186,0,0,0,0,0
,,,,,,,,,,,,,,,,,,,,,,,,,,,,,,,,,,,,,,,,,,,
2800:5f0:814:1787:f03b:d7a3:ca44:cb0f,59249,2800:5f0:1000:10::2,53,17,2,170,61,109,85,24,1669046186,1669046186,0.004823923,0.004823923,0.004823923,0.004823923,0,1,61,61,61,61,0,1669046186,1669046186,0,0,0,0,0,1,109,109,109,109,0,1669046186,1669046186,0,0,0,0,0
,,,,,,,,,,,,,,,,,,,,,,,,,,,,,,,,,,,,,,,,,,,
2800:5f0:814:1787:f03b:d7a3:ca44:cb0f,53026,2800:5f0:1000:10::2,53,17,2,204,61,143,102,41,1669046186,1669046186,0.004475832,0.004475832,0.004475832,0.004475832,0,1,61,61,61,61,0,1669046186,1669046186,0,0,0,0,0,1,143,143,143,143,0,1669046186,1669046186,0,0,0,0,0
,,,,,,,,,,,,,,,,,,,,,,,,,,,,,,,,,,,,,,,,,,,
2800:5f0:814:1787:f03b:d7a3:ca44:cb0f,59961,2800:5f0:800:10::2,53,17,1,45,45,45,45,0,1669046186,1669046186,0,0,0,0,0,1,45,45,45,45,0,1669046186,1669046186,0,0,0,0,0,0,0,0,0,0,0,0,0,0,0,0,0,0
,,,,,,,,,,,,,,,,,,,,,,,,,,,,,,,,,,,,,,,,,,,
2800:5f0:814:1787:f03b:d7a3:ca44:cb0f,64596,2800:5f0:1000:10::2,53,17,2,197,45,152,98.5,53.5,1669046186,1669046186,0.061570168,0.061570168,0.061570168,0.061570168,0,1,45,45,45,45,0,1669046186,1669046186,0,0,0,0,0,1,152,152,152,152,0,1669046186,1669046186,0,0,0,0,0
,,,,,,,,,,,,,,,,,,,,,,,,,,,,,,,,,,,,,,,,,,,
2800:5f0:814:1787:f03b:d7a3:ca44:cb0f,54209,2800:5f0:1000:10::2,53,17,2,357,45,312,178.5,133.5,1669046186,1669046186,0.060677052,0.060677052,0.060677052,0.060677052,0,1,45,45,45,45,0,1669046186,1669046186,0,0,0,0,0,1,312,312,312,312,0,1669046186,1669046186,0,0,0,0,0
,,,,,,,,,,,,,,,,,,,,,,,,,,,,,,,,,,,,,,,,,,,
2800:5f0:814:1787:f03b:d7a3:ca44:cb0f,61541,2800:5f0:800:10::2,53,17,1,50,50,50,50,0,1669046186,1669046186,0,0,0,0,0,1,50,50,50,50,0,1669046186,1669046186,0,0,0,0,0,0,0,0,0,0,0,0,0,0,0,0,0,0
,,,,,,,,,,,,,,,,,,,,,,,,,,,,,,,,,,,,,,,,,,,
2800:5f0:814:1787:f03b:d7a3:ca44:cb0f,53655,2800:5f0:1000:10::2,53,17,2,156,54,102,78,24,1669046186,1669046186,0.009380817,0.009380817,0.009380817,0.009380817,0,1,54,54,54,54,0,1669046186,1669046186,0,0,0,0,0,1,102,102,102,102,0,1669046186,1669046186,0,0,0,0,0
,,,,,,,,,,,,,,,,,,,,,,,,,,,,,,,,,,,,,,,,,,,
2800:5f0:814:1787:f03b:d7a3:ca44:cb0f,59602,2800:5f0:1000:10::2,53,17,2,192,54,138,96,42,1669046186,1669046186,0.009221077,0.009221077,0.009221077,0.009221077,0,1,54,54,54,54,0,1669046186,1669046186,0,0,0,0,0,1,138,138,138,138,0,1669046186,1669046186,0,0,0,0,0
,,,,,,,,,,,,,,,,,,,,,,,,,,,,,,,,,,,,,,,,,,,
2800:5f0:814:1787:f03b:d7a3:ca44:cb0f,54209,2800:5f0:800:10::2,53,17,1,45,45,45,45,0,1669046186,1669046186,0,0,0,0,0,1,45,45,45,45,0,1669046186,1669046186,0,0,0,0,0,0,0,0,0,0,0,0,0,0,0,0,0,0
,,,,,,,,,,,,,,,,,,,,,,,,,,,,,,,,,,,,,,,,,,,
2800:5f0:814:1787:f03b:d7a3:ca44:cb0f,64596,2800:5f0:800:10::2,53,17,1,45,45,45,45,0,1669046186,1669046186,0,0,0,0,0,1,45,45,45,45,0,1669046186,1669046186,0,0,0,0,0,0,0,0,0,0,0,0,0,0,0,0,0,0
,,,,,,,,,,,,,,,,,,,,,,,,,,,,,,,,,,,,,,,,,,,
2800:5f0:814:1787:f03b:d7a3:ca44:cb0f,50764,2800:5f0:1000:10::2,53,17,2,110,39,71,55,16,1669046186,1669046186,0.00531888,0.00531888,0.00531888,0.00531888,0,1,39,39,39,39,0,1669046186,1669046186,0,0,0,0,0,1,71,71,71,71,0,1669046186,1669046186,0,0,0,0,0
,,,,,,,,,,,,,,,,,,,,,,,,,,,,,,,,,,,,,,,,,,,
2800:5f0:814:1787:f03b:d7a3:ca44:cb0f,54336,2800:5f0:1000:10::2,53,17,2,160,39,121,80,41,1669046186,1669046186,0.070096016,0.070096016,0.070096016,0.070096016,0,1,39,39,39,39,0,1669046186,1669046186,0,0,0,0,0,1,121,121,121,121,0,1669046186,1669046186,0,0,0,0,0
,,,,,,,,,,,,,,,,,,,,,,,,,,,,,,,,,,,,,,,,,,,
2800:5f0:814:1787:f03b:d7a3:ca44:cb0f,54336,2800:5f0:800:10::2,53,17,1,39,39,39,39,0,1669046186,1669046186,0,0,0,0,0,1,39,39,39,39,0,1669046186,1669046186,0,0,0,0,0,0,0,0,0,0,0,0,0,0,0,0,0,0
,,,,,,,,,,,,,,,,,,,,,,,,,,,,,,,,,,,,,,,,,,,
192.168.1.5,52621,54.175.191.203,443,6,22,8847,40,1492,402.1363636,499.5716616,1669046186,1669046187,0.484188795,0,0.118606806,0.023056609,0.037061388,8,2520,40,826,315,330.1866896,1669046186,1669046187,0.365581989,0.00156498,0.118749142,0.052225998,0.043052017,14,6327,40,1492,451.9285714,568.3901407,1669046186,1669046187,0.407895803,0,0.155469894,0.0313766,0.050169223
,,,,,,,,,,,,,,,,,,,,,,,,,,,,,,,,,,,,,,,,,,,
2800:5f0:814:1787:f03b:d7a3:ca44:cb0f,52624,2406:da00:ff00::22c0:3470,443,6,37,7490,20,1440,202.4324324,370.0387518,1669046187,1669046190,2.941267014,0,1.69114399,0.081701861,0.285128156,19,2131,20,543,112.1578947,155.8478553,1669046187,1669046190,2.941267014,2.38E-05,1.69114399,0.163403723,0.388149118,18,5359,20,1440,297.7222222,488.0002056,1669046187,1669046190,2.863142014,0,1.859613895,0.168420118,0.447969995
,,,,,,,,,,,,,,,,,,,,,,,,,,,,,,,,,,,,,,,,,,,
2800:5f0:814:1787:f03b:d7a3:ca44:cb0f,52625,2406:da00:ff00::36ec:507a,443,6,19,7731,20,1440,406.8947368,518.1166191,1669046188,1669046189,0.618868828,0,0.118149042,0.034381602,0.043771529,9,1044,20,296,116,112.9080255,1669046188,1669046189,0.618868828,0.004135847,0.139229059,0.077358603,0.044890492,10,6687,20,1440,668.7,594.8714231,1669046188,1669046189,0.438043118,0,0.120656967,0.048671458,0.05119242
,,,,,,,,,,,,,,,,,,,,,,,,,,,,,,,,,,,,,,,,,,,
2800:5f0:814:1787:f03b:d7a3:ca44:cb0f,49476,2800:5f0:1000:10::2,53,17,2,118,51,67,59,8,1669046189,1669046189,0.091081142,0.091081142,0.091081142,0.091081142,0,1,51,51,51,51,0,1669046189,1669046189,0,0,0,0,0,1,67,67,67,67,0,1669046189,1669046189,0,0,0,0,0
,,,,,,,,,,,,,,,,,,,,,,,,,,,,,,,,,,,,,,,,,,,
2800:5f0:814:1787:f03b:d7a3:ca44:cb0f,64259,2800:5f0:1000:10::2,53,17,2,130,51,79,65,14,1669046189,1669046189,0.072681904,0.072681904,0.072681904,0.072681904,0,1,51,51,51,51,0,1669046189,1669046189,0,0,0,0,0,1,79,79,79,79,0,1669046189,1669046189,0,0,0,0,0
,,,,,,,,,,,,,,,,,,,,,,,,,,,,,,,,,,,,,,,,,,,
2800:5f0:814:1787:f03b:d7a3:ca44:cb0f,64259,2800:5f0:800:10::2,53,17,1,51,51,51,51,0,1669046189,1669046189,0,0,0,0,0,1,51,51,51,51,0,1669046189,1669046189,0,0,0,0,0,0,0,0,0,0,0,0,0,0,0,0,0,0
,,,,,,,,,,,,,,,,,,,,,,,,,,,,,,,,,,,,,,,,,,,
2800:5f0:814:1787:f03b:d7a3:ca44:cb0f,49476,2800:5f0:800:10::2,53,17,1,51,51,51,51,0,1669046189,1669046189,0,0,0,0,0,1,51,51,51,51,0,1669046189,1669046189,0,0,0,0,0,0,0,0,0,0,0,0,0,0,0,0,0,0
,,,,,,,,,,,,,,,,,,,,,,,,,,,,,,,,,,,,,,,,,,,
2800:5f0:814:1787:f03b:d7a3:ca44:cb0f,51343,2800:3f0:4005:405::200e,443,17,31,16120,33,1238,520,537.8662143,1669046189,1669046190,0.828939915,0,0.33969903,0.02763133,0.067724527,16,6167,41,1238,385.4375,500.8029763,1669046189,1669046190,0.716738939,4.32E-05,0.340272903,0.047782596,0.089655245,15,9953,33,1238,663.5333333,538.9312716,1669046189,1669046190,0.735185862,0,0.365345001,0.052513276,0.096830917
,,,,,,,,,,,,,,,,,,,,,,,,,,,,,,,,,,,,,,,,,,,
2800:5f0:814:1787:f03b:d7a3:ca44:cb0f,61402,2800:5f0:1000:10::2,53,17,2,246,39,207,123,84,1669046192,1669046192,0.054244995,0.054244995,0.054244995,0.054244995,0,1,39,39,39,39,0,1669046192,1669046192,0,0,0,0,0,1,207,207,207,207,0,1669046192,1669046192,0,0,0,0,0
,,,,,,,,,,,,,,,,,,,,,,,,,,,,,,,,,,,,,,,,,,,
2800:5f0:814:1787:f03b:d7a3:ca44:cb0f,61402,2800:5f0:800:10::2,53,17,1,39,39,39,39,0,1669046192,1669046192,0,0,0,0,0,1,39,39,39,39,0,1669046192,1669046192,0,0,0,0,0,0,0,0,0,0,0,0,0,0,0,0,0,0
,,,,,,,,,,,,,,,,,,,,,,,,,,,,,,,,,,,,,,,,,,,
2800:5f0:814:1787:f03b:d7a3:ca44:cb0f,52628,2406:da00:ff00::22c0:3470,443,6,39,10076,20,1440,258.3589744,440.3474437,1669046192,1669046195,2.910464048,0,1.616018057,0.076591159,0.271498084,19,2086,20,543,109.7894737,155.0322815,1669046192,1669046195,2.910464048,1.69E-05,1.616018057,0.161692447,0.377504456,20,7990,20,1440,399.5,560.7077224,1669046192,1669046195,2.83672595,0,1.798580885,0.149301366,0.416437356
,,,,,,,,,,,,,,,,,,,,,,,,,,,,,,,,,,,,,,,,,,,
2800:5f0:814:1787:f03b:d7a3:ca44:cb0f,52629,2406:da00:ff00::36ec:507a,443,6,21,7799,20,1440,371.3809524,497.1292326,1669046193,1669046194,0.627592087,0,0.119498014,0.031379604,0.041759141,10,1064,20,296,106.4,110.918168,1669046193,1669046194,0.627592087,0.001983881,0.171806097,0.069732454,0.052943585,11,6735,20,1440,612.2727273,582.0334403,1669046193,1669046194,0.453644037,0,0.121573925,0.045364404,0.048457066
,,,,,,,,,,,,,,,,,,,,,,,,,,,,,,,,,,,,,,,,,,,
2800:5f0:814:1787:f03b:d7a3:ca44:cb0f,54158,2800:5f0:1000:10::2,53,17,2,114,49,65,57,8,1669046194,1669046194,0.010222912,0.010222912,0.010222912,0.010222912,0,1,49,49,49,49,0,1669046194,1669046194,0,0,0,0,0,1,65,65,65,65,0,1669046194,1669046194,0,0,0,0,0
,,,,,,,,,,,,,,,,,,,,,,,,,,,,,,,,,,,,,,,,,,,
2800:5f0:814:1787:f03b:d7a3:ca44:cb0f,64594,2800:3f0:4005:40b::200e,443,17,18,6113,33,1238,339.6111111,444.274207,1669046194,1669046195,0.360249043,0,0.115149021,0.02119112,0.035308388,8,2083,41,1238,260.375,398.2800326,1669046194,1669046195,0.26374197,0.000129938,0.160217047,0.037677424,0.053537386,10,4030,33,1238,403,468.3383392,1669046194,1669046195,0.244431019,0,0.096936941,0.027159002,0.033506867
,,,,,,,,,,,,,,,,,,,,,,,,,,,,,,,,,,,,,,,,,,,
2800:5f0:814:1787:f03b:d7a3:ca44:cb0f,52632,2406:da00:ff00::22c0:3470,443,6,38,7298,20,1440,192.0526316,351.9836231,1669046197,1669046200,3.022141933,0,1.705840111,0.081679512,0.285300877,19,2128,20,543,112,155.7876422,1669046197,1669046200,3.009246111,3.00E-05,1.705840111,0.167180339,0.393371061,19,5170,20,1440,272.1052632,459.0188501,1669046197,1669046200,2.938641787,0,1.878396034,0.163257877,0.442546674
,,,,,,,,,,,,,,,,,,,,,,,,,,,,,,,,,,,,,,,,,,,
2800:5f0:814:1787:f03b:d7a3:ca44:cb0f,61186,2800:5f0:1000:10::2,53,17,2,170,43,127,85,42,1669046198,1669046198,0.053843021,0.053843021,0.053843021,0.053843021,0,1,43,43,43,43,0,1669046198,1669046198,0,0,0,0,0,1,127,127,127,127,0,1669046198,1669046198,0,0,0,0,0
,,,,,,,,,,,,,,,,,,,,,,,,,,,,,,,,,,,,,,,,,,,
2800:5f0:814:1787:f03b:d7a3:ca44:cb0f,61186,2800:5f0:800:10::2,53,17,1,43,43,43,43,0,1669046198,1669046198,0,0,0,0,0,1,43,43,43,43,0,1669046198,1669046198,0,0,0,0,0,0,0,0,0,0,0,0,0,0,0,0,0,0
,,,,,,,,,,,,,,,,,,,,,,,,,,,,,,,,,,,,,,,,,,,
2800:5f0:814:1787:f03b:d7a3:ca44:cb0f,52633,2406:da00:ff00::1714:aa06,443,6,19,7757,20,1440,408.2631579,519.3172483,1669046198,1669046199,0.653102875,0,0.116764069,0.036283493,0.044308019,9,1044,20,296,116,112.9080255,1669046198,1669046199,0.653102875,0.005098104,0.168517113,0.081637859,0.050504587,10,6713,20,1440,671.3,595.7130265,1669046198,1669046199,0.476315022,0,0.11868,0.052923891,0.051124478
,,,,,,,,,,,,,,,,,,,,,,,,,,,,,,,,,,,,,,,,,,,
2800:5f0:814:1787:f03b:d7a3:ca44:cb0f,52636,2406:da00:ff00::22c0:3470,443,6,35,7742,20,1440,221.2,396.1664008,1669046202,1669046203,1.166059017,0,0.568082809,0.034295853,0.098256204,18,1953,20,543,108.5,159.1205867,1669046202,1669046203,1.166059017,3.00E-05,0.568082809,0.068591707,0.132187254,17,5789,20,1440,340.5294118,518.2964309,1669046202,1669046203,1.069801092,0,0.644170046,0.066862568,0.153412376
,,,,,,,,,,,,,,,,,,,,,,,,,,,,,,,,,,,,,,,,,,,
2800:5f0:814:1787:f03b:d7a3:ca44:cb0f,52639,2406:da00:ff00::22c0:3470,443,6,27,5845,20,1440,216.4814815,371.9833101,1669046205,1669046205,0.443011999,0,0.074784994,0.017038923,0.029510619,14,1838,20,543,131.2857143,173.3474746,1669046205,1669046205,0.443011999,1.69E-05,0.134268999,0.034077846,0.043881013,13,4007,20,1440,308.2307692,488.6631928,1669046205,1669046205,0.315212011,0,0.082762957,0.026267668,0.035982961
,,,,,,,,,,,,,,,,,,,,,,,,,,,,,,,,,,,,,,,,,,,
2800:5f0:814:1787:f03b:d7a3:ca44:cb0f,58540,2800:5f0:1000:10::2,53,17,2,189,56,133,94.5,38.5,1669046205,1669046205,0.00297904,0.00297904,0.00297904,0.00297904,0,1,56,56,56,56,0,1669046205,1669046205,0,0,0,0,0,1,133,133,133,133,0,1669046205,1669046205,0,0,0,0,0
,,,,,,,,,,,,,,,,,,,,,,,,,,,,,,,,,,,,,,,,,,,
192.168.1.5,52640,151.101.1.195,443,6,21,10256,40,1492,488.3809524,597.6585644,1669046205,1669046206,0.375964165,0,0.098731041,0.018798208,0.028190685,8,1717,40,828,214.625,285.2248839,1669046205,1669046206,0.373381138,0.003556013,0.159339905,0.053340163,0.046890217,13,8539,40,1492,656.8461538,672.64116,1669046205,1669046206,0.326848984,0,0.098731041,0.027237415,0.033480222
